dia,temperatura_max,temperatura_min,temperatura_promedio,tiempo_de_luz_solar,sumatoria_precipitaciones_totale,sumatoria_precipitaciones_luvias,sumatoria_precipitaciones_nevadas,horas_de_precipitaciones,velocidad_max_viento,velocidad_max_rafagas_viento,direccion_viento
2022-01-01 00:00:00+00:00,11.5725,7.4225,9.145416,33533.234,10.000001,10.000001,0.0,16.0,12.538134,20.519999,184.74841
2022-01-02 00:00:00+00:00,13.6225,7.4725,10.451667,33577.152,25.300001,25.300001,0.0,11.0,22.42427,48.96,316.60416
2022-01-03 00:00:00+00:00,6.1725,-2.9775,-0.012916654,33624.86,1.9000001,0.0,1.33,7.0,30.855171,55.8,355.08218
2022-01-04 00:00:00+00:00,0.6225,-6.5775,-3.592083,33676.88,0.0,0.0,0.0,0.0,25.364037,44.639996,321.59485
2022-01-05 00:00:00+00:00,6.9725,-2.1275,1.2329166,33733.184,0.3,0.3,0.0,3.0,22.97522,36.719997,213.14923
2022-01-06 00:00:00+00:00,4.5225,0.5225,2.2641668,33793.63,0.0,0.0,0.0,0.0,19.813087,37.079998,264.662
2022-01-07 00:00:00+00:00,0.072500005,-2.8274999,-1.1170832,33858.07,9.0,0.0,6.299999,11.0,25.49908,42.839996,319.58804
2022-01-08 00:00:00+00:00,-2.5774999,-8.9275,-5.852499,33926.367,0.0,0.0,0.0,0.0,24.033876,38.519997,286.5962
2022-01-09 00:00:00+00:00,3.5725,-5.7775,-1.1045835,33998.375,2.6,2.6,0.0,8.0,24.023088,40.32,212.41736
2022-01-10 00:00:00+00:00,4.0725,-4.0275,-0.2837499,34073.94,2.3999999,2.3999999,0.0,4.0,26.282465,45.0,295.21545
2022-01-11 00:00:00+00:00,-3.7775,-8.6775,-6.4504166,34152.93,0.0,0.0,0.0,0.0,28.001427,46.8,310.64166
2022-01-12 00:00:00+00:00,4.6225,-8.0275,-3.1900003,34235.2,0.0,0.0,0.0,0.0,21.986542,38.88,214.24036
2022-01-13 00:00:00+00:00,6.9225,-3.3274999,0.5183332,34320.61,0.0,0.0,0.0,0.0,10.464797,19.08,219.09383
2022-01-14 00:00:00+00:00,5.0725,-0.1275,1.9808334,34409.01,0.0,0.0,0.0,0.0,36.388508,61.199997,1.0720167
2022-01-15 00:00:00+00:00,-0.32750002,-11.0775,-7.062916,34500.27,0.0,0.0,0.0,0.0,26.009842,43.199997,343.24258
2022-01-16 00:00:00+00:00,0.47249997,-13.2275,-8.017083,34594.246,0.0,0.0,0.0,0.0,16.93531,32.039997,19.738062
2022-01-17 00:00:00+00:00,9.1725,-3.1275,3.2433336,34690.81,40.3,37.499996,1.9600002,15.0,54.010796,94.67999,149.93924
2022-01-18 00:00:00+00:00,2.0225,-3.2775,-0.24,34789.81,0.1,0.0,0.07,1.0,31.404713,56.88,288.435
2022-01-19 00:00:00+00:00,7.6225,-5.0775,0.19125004,34891.12,0.0,0.0,0.0,0.0,24.774696,42.12,213.18532
2022-01-20 00:00:00+00:00,5.2725,-3.8274999,2.1745832,34994.613,7.1,4.6000004,1.75,10.0,23.584808,39.96,296.0954
2022-01-21 00:00:00+00:00,-2.9775,-11.3775,-7.5650005,35100.152,0.0,0.0,0.0,0.0,23.319553,39.6,359.1468
2022-01-22 00:00:00+00:00,-1.4775,-12.1275,-7.4254165,35207.61,0.0,0.0,0.0,0.0,19.803272,33.12,6.2320194
2022-01-23 00:00:00+00:00,2.7725,-6.0775,-2.9254162,35317.082,0.0,0.0,0.0,0.0,14.386494,27.0,239.45946
2022-01-24 00:00:00+00:00,0.022499993,-2.8775,-1.5129169,35429.734,0.5,0.0,0.35,4.0,13.358861,30.960001,311.45514
2022-01-25 00:00:00+00:00,6.4225,-1.3774999,1.8391666,35545.59,0.0,0.0,0.0,0.0,17.114204,31.68,247.2731
2022-01-26 00:00:00+00:00,-1.5274999,-7.7775,-4.6962504,35664.46,0.0,0.0,0.0,0.0,21.566973,39.239998,328.26093
2022-01-27 00:00:00+00:00,-0.17750001,-9.3275,-5.7045827,35786.164,0.0,0.0,0.0,0.0,18.72346,34.56,152.54883
2022-01-28 00:00:00+00:00,0.67249995,-4.4775,-1.7212499,35910.508,1.3000001,0.0,0.90999997,9.0,13.779114,22.319998,224.56274
2022-01-29 00:00:00+00:00,-1.0275,-10.6275,-6.9795823,36037.32,19.800001,0.0,13.929998,23.0,43.893436,74.159996,344.89832
2022-01-30 00:00:00+00:00,-6.1775,-13.7275,-10.67125,36166.41,0.0,0.0,0.0,0.0,29.598919,47.519997,296.03055
2022-01-31 00:00:00+00:00,-3.3775,-17.4775,-10.704583,36297.61,0.0,0.0,0.0,0.0,11.525623,17.28,352.7218
2022-02-01 00:00:00+00:00,-1.5775,-13.4775,-8.354584,36430.75,0.0,0.0,0.0,0.0,13.392774,19.44,33.454582
2022-02-02 00:00:00+00:00,3.5225,-7.2275,-2.2566664,36565.66,0.0,0.0,0.0,0.0,11.113451,15.119999,66.958725
2022-02-03 00:00:00+00:00,6.8725,1.3725001,3.9704163,36702.164,7.8,7.8,0.0,13.0,13.551501,21.24,190.15764
2022-02-04 00:00:00+00:00,11.6725,-1.7774999,5.507917,36840.11,28.1,28.1,0.0,23.0,28.988384,64.079994,271.69083
2022-02-05 00:00:00+00:00,-1.7275,-5.8775,-3.4358332,36979.344,1.0,0.5,0.35,6.0,27.80403,49.32,325.8079
2022-02-06 00:00:00+00:00,-1.4275,-8.8275,-5.8587494,37119.688,0.0,0.0,0.0,0.0,16.78156,33.12,18.534283
2022-02-07 00:00:00+00:00,2.5725,-4.6775,-1.0441668,37261.016,2.7,2.0,0.49,10.0,14.264361,24.119999,15.813081
2022-02-08 00:00:00+00:00,8.0225,-0.52750003,2.8204167,37403.16,6.2000003,6.2000003,0.0,9.0,24.40046,41.039997,313.72095
2022-02-09 00:00:00+00:00,4.7725,-4.7775,-0.19416685,37545.98,0.0,0.0,0.0,0.0,17.555305,32.760002,222.7752
2022-02-10 00:00:00+00:00,11.0725,-0.47750002,3.8537502,37689.33,0.1,0.1,0.0,1.0,32.19938,52.56,232.07631
2022-02-11 00:00:00+00:00,12.1725,-3.6775,3.4954166,37833.074,0.0,0.0,0.0,0.0,27.219902,45.0,195.0726
2022-02-12 00:00:00+00:00,13.4225,6.5225,10.043334,37977.305,0.0,0.0,0.0,0.0,26.208395,41.760002,234.06601
2022-02-13 00:00:00+00:00,7.0225,-1.4775,1.5120832,38123.355,5.5999985,0.0,3.92,17.0,19.242327,30.960001,2.3983574
2022-02-14 00:00:00+00:00,-1.8275,-10.1775,-6.1691666,38271.312,0.1,0.0,0.07,1.0,27.609911,47.88,321.28445
2022-02-15 00:00:00+00:00,-0.2775,-9.2275,-5.779583,38421.023,0.0,0.0,0.0,0.0,13.479583,26.64,289.5251
2022-02-16 00:00:00+00:00,6.2225,-5.0275,-0.7087498,38572.324,0.0,0.0,0.0,0.0,21.2522,38.519997,186.40984
2022-02-17 00:00:00+00:00,16.9725,2.9225001,9.70375,38725.08,0.0,0.0,0.0,0.0,30.77105,50.399998,204.59598
2022-02-18 00:00:00+00:00,15.4225,0.27249998,9.039166,38879.13,14.8,14.8,0.0,9.0,44.63129,75.24,243.72197
2022-02-19 00:00:00+00:00,3.6225,-5.5775,-1.24625,39034.336,0.4,0.0,0.28,3.0,36.424103,61.920002,253.13681
2022-02-20 00:00:00+00:00,2.6725001,-6.5275,-3.0775003,39190.55,0.0,0.0,0.0,0.0,34.51685,57.239998,279.44028
2022-02-21 00:00:00+00:00,9.8725,-1.9775,2.0641668,39347.65,0.0,0.0,0.0,0.0,20.858265,34.56,199.1971
2022-02-22 00:00:00+00:00,14.3225,0.27249998,6.4766674,39505.48,1.7,1.7,0.0,6.0,30.962095,50.399998,164.21918
2022-02-23 00:00:00+00:00,18.9725,9.9225,14.389167,39663.918,3.4999995,3.4999995,0.0,5.0,40.66885,73.079994,232.7914
2022-02-24 00:00:00+00:00,8.2725,-1.7275,0.7204166,39822.824,0.0,0.0,0.0,0.0,26.260265,47.16,356.43506
2022-02-25 00:00:00+00:00,6.6725,-0.9775,1.06,39982.08,20.0,17.2,1.96,13.0,30.04221,51.48,15.385292
2022-02-26 00:00:00+00:00,3.0225,-6.5775,-1.7358336,40141.543,0.0,0.0,0.0,0.0,28.555965,48.6,317.53214
2022-02-27 00:00:00+00:00,8.0725,-3.7775,0.67041653,40301.098,0.0,0.0,0.0,0.0,33.151287,56.16,255.61008
2022-02-28 00:00:00+00:00,4.8725,-4.6775,-0.29,40460.613,0.0,0.0,0.0,0.0,25.35637,41.399998,321.9319
2022-03-01 00:00:00+00:00,5.9225,-3.7275,0.6287499,40619.97,0.2,0.2,0.0,2.0,24.590923,39.239998,158.9013
2022-03-02 00:00:00+00:00,10.5725,0.92249995,5.8016663,40779.043,0.0,0.0,0.0,0.0,17.414474,33.48,274.31293
2022-03-03 00:00:00+00:00,5.4225,0.072500005,3.7766674,40937.71,3.5000002,3.5000002,0.0,5.0,25.488914,43.56,297.11276
2022-03-04 00:00:00+00:00,3.2225,-7.1275,-2.6754167,41096.086,0.0,0.0,0.0,0.0,21.2522,39.239998,303.6596
2022-03-05 00:00:00+00:00,5.3725,-4.5275,0.22250009,41255.395,0.1,0.1,0.0,1.0,20.056877,33.12,201.57997
2022-03-06 00:00:00+00:00,19.4725,3.1225,9.822499,41415.76,2.0,2.0,0.0,8.0,31.569351,53.28,215.33086
2022-03-07 00:00:00+00:00,23.0225,11.0225,17.374582,41577.06,0.5,0.5,0.0,2.0,38.45939,61.56,227.27588
2022-03-08 00:00:00+00:00,18.8725,2.1225,7.720417,41739.18,3.1,3.1,0.0,2.0,38.84832,72.72,291.5201
2022-03-09 00:00:00+00:00,4.0725,0.9725,2.29125,41902.004,15.2,7.7,5.2500005,14.0,19.107151,31.68,74.94147
2022-03-10 00:00:00+00:00,8.7225,-1.9275,2.5683334,42065.43,0.2,0.2,0.0,1.0,17.373497,29.519999,344.95856
2022-03-11 00:00:00+00:00,10.5225,-0.7275,4.287083,42229.332,0.0,0.0,0.0,0.0,21.980644,39.239998,187.48415
2022-03-12 00:00:00+00:00,6.5225,-3.2775,2.5870836,42393.625,15.3,8.200001,4.9700003,11.0,37.05902,63.0,323.86902
2022-03-13 00:00:00+00:00,2.8725,-6.1275,-2.5170834,42558.176,0.3,0.0,0.21000001,3.0,34.38895,58.679996,273.0199
2022-03-14 00:00:00+00:00,13.2725,-2.5774999,3.7141666,42722.887,0.0,0.0,0.0,0.0,19.107151,34.56,232.24178
2022-03-15 00:00:00+00:00,15.7225,3.1225,8.637084,42887.656,0.0,0.0,0.0,0.0,22.26477,36.0,206.63336
2022-03-16 00:00:00+00:00,16.422499,3.1225,10.374583,43052.37,0.1,0.1,0.0,1.0,19.803272,35.64,253.02014
2022-03-17 00:00:00+00:00,11.9725,3.8225002,7.3308334,43216.92,6.1,6.1,0.0,10.0,18.581022,31.319998,45.907383
2022-03-18 00:00:00+00:00,20.7725,7.3225,12.014167,43381.207,0.5,0.5,0.0,3.0,16.92383,31.319998,207.40741
2022-03-19 00:00:00+00:00,17.672499,6.7225,11.618333,43545.113,0.1,0.1,0.0,1.0,18.837322,30.960001,140.4613
2022-03-20 00:00:00+00:00,16.2725,8.5225,11.978749,43708.543,3.2,3.2,0.0,1.0,25.455843,44.28,275.0545
2022-03-21 00:00:00+00:00,15.7225,4.9725,9.65375,43871.383,0.1,0.1,0.0,1.0,30.282827,52.199997,302.50458
2022-03-22 00:00:00+00:00,13.0725,4.4725,8.739166,44033.52,0.0,0.0,0.0,0.0,24.344624,43.56,312.54532
2022-03-23 00:00:00+00:00,8.1225,1.4725001,5.1141667,44194.85,0.0,0.0,0.0,0.0,20.94507,35.64,63.838474
2022-03-24 00:00:00+00:00,9.6725,3.6225,6.6704173,44355.473,21.2,21.2,0.0,16.0,26.36616,46.44,60.071995
2022-03-25 00:00:00+00:00,15.9225,4.6225,9.353749,44516.53,10.999999,10.999999,0.0,6.0,29.337238,50.399998,292.2447
2022-03-26 00:00:00+00:00,10.1225,6.4225,8.455833,44678.133,5.8,5.0,0.56,6.0,20.49156,38.519997,251.22896
2022-03-27 00:00:00+00:00,7.7225,1.8725,4.7933335,44840.18,0.3,0.3,0.0,3.0,26.089447,45.719997,279.91187
2022-03-28 00:00:00+00:00,2.1225,-5.3275,-1.8212501,45002.566,0.1,0.0,0.07,1.0,32.26572,55.8,300.2225
2022-03-29 00:00:00+00:00,3.2225,-5.1775,-1.4941669,45165.203,0.0,0.0,0.0,0.0,30.58517,53.28,312.81042
2022-03-30 00:00:00+00:00,5.6725,-3.4775,0.68708324,45327.99,0.0,0.0,0.0,0.0,18.03237,30.599998,268.65213
2022-03-31 00:00:00+00:00,18.922499,3.3725,11.187083,45490.812,1.9,1.9,0.0,2.0,36.258274,63.36,190.5391
2022-04-01 00:00:00+00:00,16.2225,8.2225,12.455833,45653.582,4.9999995,4.9999995,0.0,8.0,34.62369,63.36,258.21262
2022-04-02 00:00:00+00:00,11.1225,1.3725001,5.907917,45816.184,0.0,0.0,0.0,0.0,28.236486,47.519997,294.0055
2022-04-03 00:00:00+00:00,8.5225,3.4225001,5.7620835,45978.523,3.1999998,3.1999998,0.0,5.0,14.764389,33.12,187.93031
2022-04-04 00:00:00+00:00,12.2725,2.6725001,6.974584,46140.5,0.4,0.4,0.0,2.0,24.993437,40.32,307.18863
2022-04-05 00:00:00+00:00,12.0725,1.2225001,6.537083,46302.0,0.0,0.0,0.0,0.0,17.174677,30.960001,156.59955
2022-04-06 00:00:00+00:00,12.6225,6.3225,8.532916,46462.914,21.8,21.8,0.0,17.0,33.626774,60.479996,51.59629
2022-04-07 00:00:00+00:00,9.8225,5.9225,8.264167,46623.14,24.6,24.6,0.0,11.0,38.6208,62.279995,91.07734
2022-04-08 00:00:00+00:00,16.672499,6.8725,11.995416,46782.566,47.399994,47.399994,0.0,8.0,35.50155,63.72,235.25943
2022-04-09 00:00:00+00:00,13.9225,5.1725,9.443334,46941.07,5.5999994,5.5999994,0.0,13.0,22.127556,43.199997,247.68585
2022-04-10 00:00:00+00:00,9.9225,3.5725,7.3662505,47098.55,0.0,0.0,0.0,0.0,31.160282,53.639996,306.60715
2022-04-11 00:00:00+00:00,12.7225,1.9725001,6.943334,47254.883,0.0,0.0,0.0,0.0,22.065973,36.719997,283.14984
2022-04-12 00:00:00+00:00,20.6225,7.5225,12.31,47409.945,1.6,1.6,0.0,3.0,19.681828,36.0,262.02826
2022-04-13 00:00:00+00:00,18.322498,7.2225,12.832916,47563.83,0.0,0.0,0.0,0.0,18.58451,35.64,100.05431
2022-04-14 00:00:00+00:00,28.572498,13.1225,19.605833,47717.625,0.1,0.1,0.0,1.0,27.14123,44.639996,233.23553
2022-04-15 00:00:00+00:00,19.6225,6.1725,14.055833,47871.43,0.1,0.1,0.0,1.0,23.084955,42.48,285.8339
2022-04-16 00:00:00+00:00,19.7725,12.4225,14.7225,48025.152,1.7,1.7,0.0,2.0,27.345785,44.28,206.10435
2022-04-17 00:00:00+00:00,10.5725,4.0725,7.7808337,48178.68,3.0000002,3.0000002,0.0,6.0,30.978828,54.36,318.88016
2022-04-18 00:00:00+00:00,10.0725,1.4225,5.743334,48331.902,0.3,0.3,0.0,1.0,26.826641,48.6,91.378815
2022-04-19 00:00:00+00:00,11.2225,4.6725,7.839166,48484.715,34.299995,34.299995,0.0,13.0,42.530308,82.439995,306.10522
2022-04-20 00:00:00+00:00,13.9225,3.2725,8.19125,48637.01,0.0,0.0,0.0,0.0,26.807312,47.16,276.64774
2022-04-21 00:00:00+00:00,12.9225,4.7225,8.603749,48788.67,0.3,0.3,0.0,1.0,34.177254,58.679996,153.06154
2022-04-22 00:00:00+00:00,18.2225,8.2725,13.135001,48939.582,0.0,0.0,0.0,0.0,22.26477,39.96,287.4587
2022-04-23 00:00:00+00:00,14.5225,6.4725,10.524586,49089.625,0.0,0.0,0.0,0.0,14.05845,29.519999,21.985275
2022-04-24 00:00:00+00:00,15.5225,7.2725,11.068334,49238.69,0.0,0.0,0.0,0.0,25.41763,46.079998,120.23915
2022-04-25 00:00:00+00:00,14.4225,6.0725,9.639166,49386.64,0.0,0.0,0.0,0.0,22.406927,41.039997,116.08784
2022-04-26 00:00:00+00:00,16.2225,9.7725,12.174584,49533.36,2.2,2.2,0.0,8.0,12.538134,24.48,85.22323
2022-04-27 00:00:00+00:00,14.5725,7.0725,11.155833,49678.72,2.7,2.7,0.0,4.0,31.796375,54.36,300.89127
2022-04-28 00:00:00+00:00,12.3225,3.0725,7.14125,49822.586,0.0,0.0,0.0,0.0,34.679794,59.399998,317.04874
2022-04-29 00:00:00+00:00,15.2725,3.1225,8.864166,49964.832,0.0,0.0,0.0,0.0,28.394392,50.399998,316.07147
2022-04-30 00:00:00+00:00,17.672499,4.1225,10.918334,50105.31,0.0,0.0,0.0,0.0,20.304129,34.56,326.5055
2022-05-01 00:00:00+00:00,18.572498,5.2725,11.162084,50243.89,0.0,0.0,0.0,0.0,17.87718,33.48,139.82835
2022-05-02 00:00:00+00:00,14.8225,10.0225,12.049583,50380.43,3.7999995,3.7999995,0.0,12.0,16.516901,29.519999,92.81354
2022-05-03 00:00:00+00:00,18.322498,7.1725,11.651665,50514.977,0.0,0.0,0.0,0.0,22.66857,42.12,58.764572
2022-05-04 00:00:00+00:00,20.4725,8.8725,12.607918,50648.56,5.2999997,5.2999997,0.0,9.0,18.079027,33.12,138.71542
2022-05-05 00:00:00+00:00,21.7725,11.0725,15.745416,50781.266,0.0,0.0,0.0,0.0,17.64,32.039997,0.29230964
2022-05-06 00:00:00+00:00,15.5225,11.2725,13.035,50912.98,14.9,14.9,0.0,13.0,13.708391,23.039999,149.66272
2022-05-07 00:00:00+00:00,10.3725,7.4725,8.96,51043.59,33.000004,33.000004,0.0,24.0,32.978832,57.6,52.652126
2022-05-08 00:00:00+00:00,12.7725,6.7225,9.189167,51172.97,3.9999995,3.9999995,0.0,9.0,30.421598,51.839996,44.16033
2022-05-09 00:00:00+00:00,18.6225,5.7725,11.566249,51301.008,0.8,0.8,0.0,2.0,24.379204,43.56,35.23416
2022-05-10 00:00:00+00:00,19.8725,7.7225,13.516251,51427.57,0.0,0.0,0.0,0.0,24.149532,42.48,37.53047
2022-05-11 00:00:00+00:00,21.072498,8.6225,14.630833,51552.543,0.0,0.0,0.0,0.0,23.277834,42.12,40.76488
2022-05-12 00:00:00+00:00,20.8725,10.6225,15.172498,51675.793,0.0,0.0,0.0,0.0,16.09969,29.16,68.741005
2022-05-13 00:00:00+00:00,21.2725,12.9725,15.912084,51797.19,1.7000002,1.7000002,0.0,10.0,14.05845,26.64,80.807816
2022-05-14 00:00:00+00:00,20.572498,14.5225,16.5725,51916.605,2.7,2.7,0.0,10.0,15.7908325,30.239998,144.2631
2022-05-15 00:00:00+00:00,24.6225,13.9225,17.597498,52033.902,5.4,5.4,0.0,7.0,20.969805,39.6,174.0866
2022-05-16 00:00:00+00:00,23.072498,15.2225,18.722502,52148.934,6.9000006,6.9000006,0.0,6.0,24.884306,47.88,197.0458
2022-05-17 00:00:00+00:00,23.072498,11.5225,17.818333,52261.574,0.0,0.0,0.0,0.0,32.47192,56.16,274.94675
2022-05-18 00:00:00+00:00,21.2725,11.2725,16.1975,52371.67,0.0,0.0,0.0,0.0,19.734436,32.039997,313.66116
2022-05-19 00:00:00+00:00,21.7725,12.3725,15.855832,52479.09,14.1,14.1,0.0,11.0,13.32,25.199999,176.12747
2022-05-20 00:00:00+00:00,21.322498,10.8725,15.866249,52583.676,5.7999997,5.7999997,0.0,3.0,22.288042,40.68,126.88744
2022-05-21 00:00:00+00:00,32.0225,16.072498,21.824583,52685.285,0.0,0.0,0.0,0.0,20.771093,38.16,145.16907
2022-05-22 00:00:00+00:00,30.5225,20.4725,25.243332,52783.773,1.1,1.1,0.0,1.0,18.919704,36.719997,224.12874
2022-05-23 00:00:00+00:00,24.3725,15.4725,20.041248,52879.13,0.0,0.0,0.0,0.0,22.59699,37.079998,349.08212
2022-05-24 00:00:00+00:00,19.1225,14.6225,16.572498,52972.164,0.1,0.1,0.0,1.0,19.513195,35.28,94.70155
2022-05-25 00:00:00+00:00,18.9725,11.0225,14.726666,53062.93,0.0,0.0,0.0,0.0,19.08,34.2,134.52522
2022-05-26 00:00:00+00:00,19.5225,10.9725,14.959999,53151.332,0.0,0.0,0.0,0.0,25.38702,44.28,151.656
2022-05-27 00:00:00+00:00,23.6225,16.172499,19.151667,53237.285,3.0000002,3.0000002,0.0,7.0,23.598541,50.76,171.55383
2022-05-28 00:00:00+00:00,23.0225,17.7225,20.078749,53320.69,16.1,16.1,0.0,14.0,21.26744,40.68,242.9615
2022-05-29 00:00:00+00:00,24.4725,13.7225,19.374582,53401.45,0.0,0.0,0.0,0.0,17.581125,30.239998,289.48343
2022-05-30 00:00:00+00:00,28.9725,14.9225,21.030832,53479.473,0.0,0.0,0.0,0.0,24.703976,42.48,192.70708
2022-05-31 00:00:00+00:00,33.5725,20.822498,26.728752,53554.664,0.0,0.0,0.0,0.0,17.072504,30.960001,273.61227
2022-06-01 00:00:00+00:00,28.422499,15.822499,19.564165,53626.92,0.2,0.2,0.0,1.0,19.08,37.8,109.6732
2022-06-02 00:00:00+00:00,26.7725,15.6225,19.96208,53696.15,15.8,15.8,0.0,10.0,13.698934,27.359999,202.0792
2022-06-03 00:00:00+00:00,24.2725,18.2225,20.537083,53762.258,2.4999998,2.4999998,0.0,8.0,19.353138,35.28,117.5972
2022-06-04 00:00:00+00:00,26.322498,13.3225,20.039164,53825.14,0.0,0.0,0.0,0.0,23.068108,41.039997,249.44386
2022-06-05 00:00:00+00:00,23.7225,13.0725,18.734999,53884.707,0.0,0.0,0.0,0.0,19.110542,32.760002,333.85312
2022-06-06 00:00:00+00:00,25.922499,13.0725,19.401667,53940.863,0.0,0.0,0.0,0.0,23.452555,43.199997,189.51656
2022-06-07 00:00:00+00:00,24.4725,14.3725,19.75583,53993.508,0.2,0.2,0.0,2.0,34.152596,57.96,181.33693
2022-06-08 00:00:00+00:00,29.2725,19.0225,22.551666,54042.547,1.1000001,1.1000001,0.0,6.0,27.416782,47.16,209.09009
2022-06-09 00:00:00+00:00,28.072498,19.2725,22.866251,54087.89,9.400001,9.400001,0.0,10.0,29.16,50.76,238.96112
2022-06-10 00:00:00+00:00,26.072498,14.8725,20.455832,54129.438,0.0,0.0,0.0,0.0,23.557316,38.88,295.3888
2022-06-11 00:00:00+00:00,24.172499,15.5725,20.25583,54167.098,0.8,0.8,0.0,4.0,10.086427,30.599998,314.6527
2022-06-12 00:00:00+00:00,22.6225,15.8725,18.94125,54200.84,8.3,8.3,0.0,12.0,24.546085,44.28,183.90674
2022-06-13 00:00:00+00:00,27.422499,17.1225,22.297499,54230.94,4.6,4.6,0.0,9.0,15.546833,34.92,186.58182
2022-06-14 00:00:00+00:00,27.7225,18.7725,22.487083,54257.44,0.0,0.0,0.0,0.0,23.664352,40.32,1.9324975
2022-06-15 00:00:00+00:00,26.7725,17.3725,21.962082,54280.336,0.0,0.0,0.0,0.0,27.598173,51.12,122.635925
2022-06-16 00:00:00+00:00,22.9725,17.4725,19.907915,54299.62,13.1,13.1,0.0,5.0,30.018473,49.68,167.8697
2022-06-17 00:00:00+00:00,31.872498,19.2225,24.234999,54315.293,0.0,0.0,0.0,0.0,31.259941,53.28,246.15086
2022-06-18 00:00:00+00:00,26.5225,17.572498,20.459997,54327.36,0.0,0.0,0.0,0.0,31.853388,55.44,317.56302
2022-06-19 00:00:00+00:00,22.072498,12.5225,17.085001,54335.805,0.0,0.0,0.0,0.0,32.52177,56.519997,326.27847
2022-06-20 00:00:00+00:00,26.322498,12.9725,19.351665,54340.645,0.0,0.0,0.0,0.0,19.8,47.88,315.9596
2022-06-21 00:00:00+00:00,26.322498,14.0225,19.853748,54341.88,0.9,0.9,0.0,1.0,13.493999,24.48,245.70615
2022-06-22 00:00:00+00:00,21.1225,16.7725,18.91208,54339.52,2.6,2.6,0.0,10.0,25.501621,44.639996,129.73338
2022-06-23 00:00:00+00:00,22.172499,15.822499,18.853746,54333.566,2.3,2.3,0.0,8.0,18.514643,36.0,123.08402
2022-06-24 00:00:00+00:00,25.7725,14.6725,20.097498,54324.03,0.6,0.6,0.0,5.0,21.313093,38.16,175.57182
2022-06-25 00:00:00+00:00,32.3225,17.9725,24.09958,54310.93,0.0,0.0,0.0,0.0,23.266697,44.639996,218.63522
2022-06-26 00:00:00+00:00,30.672499,19.8725,24.362082,54294.27,0.0,0.0,0.0,0.0,32.44996,55.079998,181.46312
2022-06-27 00:00:00+00:00,26.4725,22.2225,24.018332,54274.062,8.500001,8.500001,0.0,10.0,26.437336,48.6,212.55093
2022-06-28 00:00:00+00:00,27.7225,19.072498,22.397497,54250.336,0.2,0.2,0.0,1.0,15.978486,28.44,333.3108
2022-06-29 00:00:00+00:00,28.9725,17.0225,22.46625,54223.094,0.0,0.0,0.0,0.0,29.655787,51.48,193.21278
2022-06-30 00:00:00+00:00,31.5225,17.322498,23.795416,54192.375,0.0,0.0,0.0,0.0,23.039999,39.6,259.66968
2022-07-01 00:00:00+00:00,33.622498,20.2725,26.226667,54158.176,0.0,0.0,0.0,0.0,33.948975,57.96,210.68628
2022-07-02 00:00:00+00:00,30.1225,22.822498,25.370415,54120.465,14.6,14.6,0.0,7.0,20.929596,40.68,225.69708
2022-07-03 00:00:00+00:00,30.9725,21.172499,25.61625,54078.86,0.1,0.1,0.0,1.0,10.829959,22.68,346.1088
2022-07-04 00:00:00+00:00,29.9725,17.8725,24.180832,54033.4,0.0,0.0,0.0,0.0,19.083395,35.64,313.89835
2022-07-05 00:00:00+00:00,30.1225,20.0225,24.207916,53984.168,0.8,0.8,0.0,4.0,32.52177,55.8,188.94234
2022-07-06 00:00:00+00:00,31.672499,21.672499,26.222496,53931.285,0.2,0.2,0.0,2.0,21.370783,44.639996,276.89407
2022-07-07 00:00:00+00:00,26.8725,21.7725,24.314161,53874.848,0.0,0.0,0.0,0.0,23.740902,42.12,100.764534
2022-07-08 00:00:00+00:00,28.822498,19.4725,23.237083,53814.96,1.4000001,1.4000001,0.0,8.0,16.981165,33.48,170.5592
2022-07-09 00:00:00+00:00,29.5225,20.6225,24.068335,53751.74,0.0,0.0,0.0,0.0,24.248613,43.56,90.89047
2022-07-10 00:00:00+00:00,27.1225,18.5225,22.782915,53685.273,0.0,0.0,0.0,0.0,23.157824,42.12,92.34255
2022-07-11 00:00:00+00:00,28.322498,17.4725,22.326666,53615.676,0.0,0.0,0.0,0.0,35.230373,59.399998,185.10318
2022-07-12 00:00:00+00:00,33.7725,19.322498,25.180834,53543.055,0.6,0.6,0.0,2.0,36.233242,59.399998,212.44362
2022-07-13 00:00:00+00:00,32.622498,21.322498,27.114164,53467.51,0.0,0.0,0.0,0.0,30.009838,52.92,222.70935
2022-07-14 00:00:00+00:00,31.422499,21.4725,25.899582,53389.156,0.3,0.3,0.0,1.0,20.833395,41.760002,213.56282
2022-07-15 00:00:00+00:00,29.0225,20.4725,25.080833,53308.09,0.1,0.1,0.0,1.0,20.140705,36.719997,40.43464
2022-07-16 00:00:00+00:00,27.6225,20.1225,23.451666,53224.41,3.6,3.6,0.0,6.0,17.727943,34.56,149.82874
2022-07-17 00:00:00+00:00,27.822498,19.922499,23.5475,53138.23,10.500001,10.500001,0.0,8.0,19.201874,35.64,167.76932
2022-07-18 00:00:00+00:00,29.9725,22.322498,25.0475,53049.652,12.099999,12.099999,0.0,8.0,23.051247,48.6,187.21951
2022-07-19 00:00:00+00:00,33.5725,21.2225,26.534998,52958.766,0.90000004,0.90000004,0.0,3.0,24.696102,43.92,258.83588
2022-07-20 00:00:00+00:00,33.8225,22.322498,27.876663,52865.688,0.0,0.0,0.0,0.0,20.65848,35.64,218.3215
2022-07-21 00:00:00+00:00,33.5225,24.572498,28.689169,52770.504,2.6,2.6,0.0,2.0,25.233404,52.199997,210.05779
2022-07-22 00:00:00+00:00,34.0725,21.4725,27.593332,52673.16,0.0,0.0,0.0,0.0,28.948118,50.039997,217.78705
2022-07-23 00:00:00+00:00,34.3225,22.822498,27.935,52572.81,0.0,0.0,0.0,0.0,25.38702,43.199997,190.74763
2022-07-24 00:00:00+00:00,35.8225,23.922499,29.382917,52469.44,0.0,0.0,0.0,0.0,29.237675,48.239998,232.15631
2022-07-25 00:00:00+00:00,31.7725,25.0225,27.737082,52363.207,24.0,24.0,0.0,5.0,25.455843,45.0,221.41386
2022-07-26 00:00:00+00:00,28.7725,19.922499,25.11833,52254.26,0.1,0.1,0.0,1.0,21.096123,37.8,266.86197
2022-07-27 00:00:00+00:00,28.0225,17.9725,23.501665,52142.742,0.0,0.0,0.0,0.0,20.163212,36.36,204.84236
2022-07-28 00:00:00+00:00,30.5225,22.072498,25.595415,52028.797,0.8,0.8,0.0,2.0,25.14852,45.719997,187.6248
2022-07-29 00:00:00+00:00,30.5225,22.172499,26.664167,51912.57,0.6,0.6,0.0,2.0,18.335276,37.079998,246.17668
2022-07-30 00:00:00+00:00,32.0225,22.0225,26.270416,51794.195,1.1,1.1,0.0,3.0,22.039528,39.6,308.4086
2022-07-31 00:00:00+00:00,28.5225,18.922499,24.189165,51673.816,0.0,0.0,0.0,0.0,20.00512,35.28,116.93941
2022-08-01 00:00:00+00:00,26.1225,20.672499,23.524582,51551.562,7.399999,7.399999,0.0,10.0,22.3229,38.88,173.1336
2022-08-02 00:00:00+00:00,33.2225,21.2225,26.207916,51427.57,0.0,0.0,0.0,0.0,16.87398,31.68,232.18846
2022-08-03 00:00:00+00:00,32.3225,21.172499,26.030832,51301.97,0.0,0.0,0.0,0.0,22.206486,41.399998,327.019
2022-08-04 00:00:00+00:00,33.0225,21.172499,26.343336,51174.89,0.0,0.0,0.0,0.0,29.317352,50.039997,182.84055
2022-08-05 00:00:00+00:00,32.7225,22.9725,27.868332,51046.45,0.4,0.4,0.0,1.0,14.003029,34.2,234.50937
2022-08-06 00:00:00+00:00,32.372498,23.2725,27.71833,50916.78,1.1,1.1,0.0,3.0,27.219902,47.88,214.3332
2022-08-07 00:00:00+00:00,34.122498,23.5225,28.045412,50785.996,5.1999993,5.1999993,0.0,9.0,27.381308,50.039997,220.82689
2022-08-08 00:00:00+00:00,34.4725,25.322498,28.991247,50654.215,0.70000005,0.70000005,0.0,2.0,24.014996,42.839996,221.49966
2022-08-09 00:00:00+00:00,37.3225,26.072498,30.36,50521.555,5.6,5.6,0.0,3.0,23.617756,47.519997,246.14949
2022-08-10 00:00:00+00:00,32.5725,22.9725,26.764166,50388.125,1.6,1.6,0.0,2.0,23.683512,42.12,346.685
2022-08-11 00:00:00+00:00,32.122498,22.9725,26.149582,50253.85,0.8,0.8,0.0,1.0,14.799459,32.760002,347.47116
2022-08-12 00:00:00+00:00,29.0225,21.2225,25.239166,50117.71,0.0,0.0,0.0,0.0,23.469128,39.6,5.543427
2022-08-13 00:00:00+00:00,26.9725,17.6225,22.2975,49979.645,0.0,0.0,0.0,0.0,22.206486,38.88,3.2227747
2022-08-14 00:00:00+00:00,26.8725,16.6225,21.962082,49839.797,0.0,0.0,0.0,0.0,24.858253,43.92,177.43628
2022-08-15 00:00:00+00:00,27.2725,17.922499,22.489166,49698.29,0.1,0.1,0.0,1.0,16.981165,36.719997,163.97964
2022-08-16 00:00:00+00:00,27.9725,18.1225,22.603752,49555.258,0.0,0.0,0.0,0.0,26.064596,46.8,61.718395
2022-08-17 00:00:00+00:00,26.8725,18.172499,22.628748,49410.836,0.0,0.0,0.0,0.0,12.387348,28.44,23.441801
2022-08-18 00:00:00+00:00,30.6225,17.1225,23.262083,49265.137,0.3,0.3,0.0,2.0,19.602652,33.839996,289.78204
2022-08-19 00:00:00+00:00,31.4725,17.672499,24.128746,49118.293,0.0,0.0,0.0,0.0,28.006058,49.68,209.10167
2022-08-20 00:00:00+00:00,31.5225,20.9725,25.907915,48970.42,0.3,0.3,0.0,1.0,22.206486,38.88,189.46222
2022-08-21 00:00:00+00:00,27.672499,19.8725,23.993332,48821.633,0.0,0.0,0.0,0.0,22.180206,39.6,157.9057
2022-08-22 00:00:00+00:00,24.322498,21.6225,22.924582,48672.055,16.7,16.7,0.0,18.0,15.94601,32.399998,134.61115
2022-08-23 00:00:00+00:00,28.9725,20.7225,23.685,48521.79,6.8999996,6.8999996,0.0,6.0,15.596767,29.88,185.51974
2022-08-24 00:00:00+00:00,31.2225,19.5225,25.039164,48370.945,0.0,0.0,0.0,0.0,13.551501,26.64,290.3161
2022-08-25 00:00:00+00:00,31.5225,19.2225,25.187082,48219.64,0.0,0.0,0.0,0.0,20.5484,34.56,271.95798
2022-08-26 00:00:00+00:00,29.322498,20.9725,24.603746,48067.973,15.300001,15.300001,0.0,5.0,20.724247,41.399998,205.85107
2022-08-27 00:00:00+00:00,29.5225,20.172499,24.949583,47916.055,1.2,1.2,0.0,1.0,13.684735,28.8,354.24377
2022-08-28 00:00:00+00:00,27.2225,21.572498,23.957918,47763.977,1.2,1.2,0.0,6.0,19.346441,34.2,109.38763
2022-08-29 00:00:00+00:00,28.3725,21.072498,24.272501,47611.855,0.3,0.3,0.0,3.0,25.501621,45.0,163.46008
2022-08-30 00:00:00+00:00,29.922499,21.572498,25.103746,47459.777,0.0,0.0,0.0,0.0,29.714724,51.48,181.10838
2022-08-31 00:00:00+00:00,28.7725,20.572498,24.56,47307.656,2.2999997,2.2999997,0.0,5.0,22.86496,40.32,281.32446
2022-09-01 00:00:00+00:00,29.822498,19.322498,24.078745,47154.445,0.0,0.0,0.0,0.0,19.523155,33.12,286.7572
2022-09-02 00:00:00+00:00,24.922499,15.6725,20.605833,47000.066,0.0,0.0,0.0,0.0,15.905319,28.44,36.51261
2022-09-03 00:00:00+00:00,26.1225,17.572498,21.512085,46844.625,0.0,0.0,0.0,0.0,18.35647,32.399998,128.65985
2022-09-04 00:00:00+00:00,30.1225,20.172499,24.03708,46688.23,0.5,0.5,0.0,5.0,13.896187,29.519999,201.50787
2022-09-05 00:00:00+00:00,28.322498,20.9725,24.005829,46530.992,1.7,1.7,0.0,5.0,20.037485,36.0,149.5111
2022-09-06 00:00:00+00:00,25.072498,20.7225,21.816246,46373.01,35.100002,35.100002,0.0,22.0,22.461807,38.16,133.38925
2022-09-07 00:00:00+00:00,22.7725,18.6225,20.314165,46214.4,3.1999998,3.1999998,0.0,10.0,22.322903,37.079998,51.89235
2022-09-08 00:00:00+00:00,23.822498,17.922499,20.568333,46055.242,0.2,0.2,0.0,2.0,17.10284,31.319998,25.55689
2022-09-09 00:00:00+00:00,26.2225,16.2225,20.551666,45895.65,0.0,0.0,0.0,0.0,11.620809,23.759998,55.612766
2022-09-10 00:00:00+00:00,27.322498,15.2725,20.907915,45735.715,0.0,0.0,0.0,0.0,14.707222,26.64,205.65921
2022-09-11 00:00:00+00:00,24.5225,18.3725,20.976664,45575.547,11.799999,11.799999,0.0,9.0,11.019764,20.16,225.335
2022-09-12 00:00:00+00:00,27.7725,19.922499,22.537079,45415.227,12.599999,12.599999,0.0,10.0,15.5843,27.72,190.49142
2022-09-13 00:00:00+00:00,25.8725,20.3725,22.751665,45254.86,8.2,8.2,0.0,17.0,15.986595,33.839996,193.03865
2022-09-14 00:00:00+00:00,26.7225,15.7225,20.891247,45094.54,0.0,0.0,0.0,0.0,19.694992,36.0,284.30273
2022-09-15 00:00:00+00:00,21.9725,16.572498,19.585,44934.35,0.0,0.0,0.0,0.0,18.892282,36.719997,320.7005
2022-09-16 00:00:00+00:00,24.0225,11.7725,17.182917,44774.395,0.0,0.0,0.0,0.0,12.245293,22.68,330.828
2022-09-17 00:00:00+00:00,22.422499,16.822498,19.416246,44614.766,0.0,0.0,0.0,0.0,17.447933,32.039997,98.007324
2022-09-18 00:00:00+00:00,28.922499,17.072498,21.955832,44455.55,0.0,0.0,0.0,0.0,20.68356,36.0,226.2523
2022-09-19 00:00:00+00:00,29.9725,18.9725,23.482916,44296.85,1.8,1.8,0.0,3.0,23.933908,41.399998,236.8455
2022-09-20 00:00:00+00:00,25.7225,17.7725,21.487083,44138.55,0.0,0.0,0.0,0.0,19.64228,33.12,292.12253
2022-09-21 00:00:00+00:00,25.922499,15.972501,20.164165,43979.582,0.0,0.0,0.0,0.0,20.49156,37.079998,287.53665
2022-09-22 00:00:00+00:00,25.2225,17.2725,20.545414,43819.85,7.5000005,7.5000005,0.0,6.0,26.932714,45.0,252.58192
2022-09-23 00:00:00+00:00,17.5225,10.6225,13.882916,43659.46,0.0,0.0,0.0,0.0,32.47591,55.44,323.94952
2022-09-24 00:00:00+00:00,20.6225,9.4725,13.534999,43498.51,0.0,0.0,0.0,0.0,24.458813,46.079998,305.04575
2022-09-25 00:00:00+00:00,24.2725,11.6725,16.826668,43337.105,0.1,0.1,0.0,1.0,22.7057,35.64,219.37822
2022-09-26 00:00:00+00:00,23.572498,13.2225,17.993334,43175.348,2.3,2.3,0.0,2.0,26.072052,44.28,235.25388
2022-09-27 00:00:00+00:00,21.2725,13.7225,17.405832,43013.336,0.0,0.0,0.0,0.0,21.533897,38.16,241.8801
2022-09-28 00:00:00+00:00,20.8725,10.2225,15.276666,42851.168,0.0,0.0,0.0,0.0,19.008545,34.56,287.49106
2022-09-29 00:00:00+00:00,19.072498,11.2725,15.443333,42688.95,0.0,0.0,0.0,0.0,20.870687,37.44,2.7965164
2022-09-30 00:00:00+00:00,16.6225,10.5725,13.662083,42526.78,0.0,0.0,0.0,0.0,17.399586,32.039997,32.812054
2022-10-01 00:00:00+00:00,17.322498,11.4725,14.345416,42364.77,21.1,21.1,0.0,13.0,32.271744,54.719997,42.977287
2022-10-02 00:00:00+00:00,14.9225,10.3725,13.445416,42203.004,12.900001,12.900001,0.0,14.0,32.056175,52.92,32.077045
2022-10-03 00:00:00+00:00,11.7725,9.5225,10.485002,42041.6,7.200001,7.200001,0.0,12.0,30.344818,51.839996,29.500204
2022-10-04 00:00:00+00:00,12.5225,8.1225,9.974584,41880.66,183.79999,183.79999,0.0,24.0,31.875755,60.479996,19.014582
2022-10-05 00:00:00+00:00,15.822499,11.9225,13.668332,41720.277,22.900003,22.900003,0.0,13.0,28.694056,47.519997,14.900882
2022-10-06 00:00:00+00:00,22.5225,10.9225,15.54958,41560.566,0.0,0.0,0.0,0.0,18.59845,29.16,336.7835
2022-10-07 00:00:00+00:00,23.922499,11.3725,16.807913,41401.63,0.2,0.2,0.0,1.0,17.015474,28.8,258.0076
2022-10-08 00:00:00+00:00,17.6225,9.2225,12.939166,41243.58,0.5,0.5,0.0,1.0,21.096123,34.92,319.22446
2022-10-09 00:00:00+00:00,16.2725,5.8225,10.22875,41086.523,0.0,0.0,0.0,0.0,19.602652,35.64,262.94223
2022-10-10 00:00:00+00:00,19.7725,7.2225,12.551665,40930.35,0.0,0.0,0.0,0.0,18.289274,31.319998,255.08023
2022-10-11 00:00:00+00:00,19.4725,7.4225,13.105835,40773.89,0.0,0.0,0.0,0.0,15.042659,25.56,236.93663
2022-10-12 00:00:00+00:00,19.072498,8.9725,13.843333,40617.03,0.0,0.0,0.0,0.0,25.478743,42.48,195.24622
2022-10-13 00:00:00+00:00,20.7725,13.0225,16.7475,40459.895,1.6000001,1.6000001,0.0,5.0,28.174458,47.16,164.25757
2022-10-14 00:00:00+00:00,19.1225,11.4725,14.826667,40302.605,12.5,12.5,0.0,7.0,24.079666,48.96,314.49857
2022-10-15 00:00:00+00:00,18.8725,7.5225,12.937083,40145.273,0.0,0.0,0.0,0.0,25.318008,42.12,173.23778
2022-10-16 00:00:00+00:00,17.5225,9.8725,13.245416,39988.01,0.0,0.0,0.0,0.0,17.731598,30.599998,265.80917
2022-10-17 00:00:00+00:00,18.7225,10.5725,14.2975,39830.957,2.6999998,2.6999998,0.0,7.0,18.0,34.56,207.26172
2022-10-18 00:00:00+00:00,13.9225,7.8725004,11.387084,39674.22,2.1000001,2.1000001,0.0,8.0,17.906157,29.519999,271.8818
2022-10-19 00:00:00+00:00,12.1225,4.2225,8.230833,39517.93,0.0,0.0,0.0,0.0,27.0,47.88,248.41356
2022-10-20 00:00:00+00:00,14.2225,5.2225,9.255834,39362.215,0.0,0.0,0.0,0.0,26.42753,46.44,224.12408
2022-10-21 00:00:00+00:00,15.822499,5.7725,10.270417,39207.2,0.0,0.0,0.0,0.0,12.538134,22.319998,218.48758
2022-10-22 00:00:00+00:00,17.5225,5.9725,11.36625,39053.01,0.0,0.0,0.0,0.0,11.726277,22.68,200.62506
2022-10-23 00:00:00+00:00,15.2725,9.7225,12.416251,38899.797,11.8,11.8,0.0,9.0,20.390114,33.48,33.095753
2022-10-24 00:00:00+00:00,16.2725,11.8725,13.595417,38747.676,17.6,17.6,0.0,17.0,20.799152,38.519997,30.465475
2022-10-25 00:00:00+00:00,20.5225,14.6225,17.112082,38596.797,2.9,2.9,0.0,11.0,15.30741,24.48,93.30183
2022-10-26 00:00:00+00:00,21.0225,16.422499,18.15375,38447.297,0.4,0.4,0.0,3.0,13.513193,27.0,125.2304
2022-10-27 00:00:00+00:00,17.7725,12.6725,15.095416,38299.316,0.0,0.0,0.0,0.0,25.600533,44.28,316.31442
2022-10-28 00:00:00+00:00,12.8725,6.5225,9.859999,38153.01,0.0,0.0,0.0,0.0,19.959719,33.12,26.489471
2022-10-29 00:00:00+00:00,14.2225,4.9725,8.968334,38008.516,0.0,0.0,0.0,0.0,11.525623,23.759998,29.691463
2022-10-30 00:00:00+00:00,15.972501,4.1725,9.230833,37865.758,0.0,0.0,0.0,0.0,11.165805,18.359999,6.4013944
2022-10-31 00:00:00+00:00,17.172499,9.4725,12.687083,37723.438,0.6,0.6,0.0,1.0,13.281023,25.919998,211.5538
2022-11-01 00:00:00+00:00,19.572498,12.9225,15.36,37581.47,13.500001,13.500001,0.0,12.0,14.934577,27.72,249.08636
2022-11-02 00:00:00+00:00,19.8725,10.4725,14.9766655,37439.973,0.0,0.0,0.0,0.0,16.299694,29.88,343.5474
2022-11-03 00:00:00+00:00,17.672499,8.3225,12.351666,37299.11,0.0,0.0,0.0,0.0,11.770403,20.880001,60.154243
2022-11-04 00:00:00+00:00,19.5225,7.9224997,12.974583,37159.008,0.0,0.0,0.0,0.0,12.849528,23.759998,196.11794
2022-11-05 00:00:00+00:00,22.822498,14.7725,17.71,37019.824,0.0,0.0,0.0,0.0,27.25559,43.56,184.05397
2022-11-06 00:00:00+00:00,23.5225,17.4725,19.674582,36881.7,2.8,2.8,0.0,2.0,22.26768,40.68,190.02515
2022-11-07 00:00:00+00:00,23.7225,17.7725,20.047499,36744.797,0.8,0.8,0.0,3.0,19.486609,33.48,244.4374
2022-11-08 00:00:00+00:00,17.2225,7.7225,11.505834,36609.266,0.0,0.0,0.0,0.0,25.699057,41.039997,347.8021
2022-11-09 00:00:00+00:00,10.3725,4.1725,7.435,36475.266,0.0,0.0,0.0,0.0,19.576189,32.399998,34.35248
2022-11-10 00:00:00+00:00,17.172499,6.6225,10.176667,36342.957,0.0,0.0,0.0,0.0,13.237039,25.199999,217.8083
2022-11-11 00:00:00+00:00,17.4725,11.5725,14.8975,36212.5,22.9,22.9,0.0,10.0,23.795427,44.639996,166.9142
2022-11-12 00:00:00+00:00,20.4725,16.2725,19.057915,36084.08,3.8999996,3.8999996,0.0,9.0,33.510952,54.719997,212.74512
2022-11-13 00:00:00+00:00,15.5725,8.5725,11.774585,35957.848,3.1999998,3.1999998,0.0,7.0,27.217524,47.16,321.64267
2022-11-14 00:00:00+00:00,7.8225,2.9225001,5.305834,35833.99,0.0,0.0,0.0,0.0,23.006226,37.079998,306.98135
2022-11-15 00:00:00+00:00,7.5225,1.3225,3.949583,35712.684,0.4,0.4,0.0,3.0,16.800856,26.28,30.912169
2022-11-16 00:00:00+00:00,11.0725,3.9225001,7.1641674,35594.1,18.100002,18.100002,0.0,14.0,28.017622,47.519997,344.02664
2022-11-17 00:00:00+00:00,8.1225,1.9225001,4.7995834,35478.438,0.0,0.0,0.0,0.0,31.212229,52.92,267.2444
2022-11-18 00:00:00+00:00,6.3725,0.1725,3.1474998,35365.867,0.0,0.0,0.0,0.0,31.093666,54.0,255.17072
2022-11-19 00:00:00+00:00,4.2225,-1.7774999,1.6370834,35256.363,0.2,0.1,0.07,1.0,24.819122,44.639996,250.76303
2022-11-20 00:00:00+00:00,2.3225,-0.52750003,0.9641667,35148.734,0.1,0.0,0.07,1.0,34.04808,59.399998,274.36948
2022-11-21 00:00:00+00:00,3.9724998,-3.6775,-0.55458325,35042.895,0.0,0.0,0.0,0.0,21.434364,36.36,238.60498
2022-11-22 00:00:00+00:00,9.3225,0.072500005,4.1162496,34938.977,0.0,0.0,0.0,0.0,22.493519,36.719997,242.36888
2022-11-23 00:00:00+00:00,11.5725,1.3225,5.6600003,34837.11,0.0,0.0,0.0,0.0,13.044722,25.199999,276.16504
2022-11-24 00:00:00+00:00,10.3725,0.72249997,4.9537497,34737.438,0.0,0.0,0.0,0.0,11.440978,21.24,42.316208
2022-11-25 00:00:00+00:00,11.8225,4.5225,7.2766666,34640.098,3.8,3.8,0.0,6.0,25.86494,44.28,242.97322
2022-11-26 00:00:00+00:00,12.1725,4.3225,7.31,34545.24,0.0,0.0,0.0,0.0,21.915691,38.88,293.8828
2022-11-27 00:00:00+00:00,13.3225,4.9725,7.9641666,34452.992,10.2,10.2,0.0,7.0,27.248457,43.92,216.88435
2022-11-28 00:00:00+00:00,13.6725,6.7725,10.770416,34363.508,2.0,2.0,0.0,3.0,27.776047,47.16,284.59332
2022-11-29 00:00:00+00:00,6.0225,0.072500005,3.649583,34276.934,0.0,0.0,0.0,0.0,15.30741,25.199999,320.5899
2022-11-30 00:00:00+00:00,12.6725,1.2725,7.037083,34193.41,14.9,14.9,0.0,10.0,37.44692,61.56,180.067
2022-12-01 00:00:00+00:00,10.3225,0.3725,4.280833,34113.098,0.0,0.0,0.0,0.0,29.215502,50.039997,278.29294
2022-12-02 00:00:00+00:00,4.9225,-3.1775,0.94749993,34036.137,0.0,0.0,0.0,0.0,12.964998,23.039999,253.17847
2022-12-03 00:00:00+00:00,13.2225,3.1725001,8.7725,33962.68,8.699999,8.699999,0.0,8.0,33.283943,61.199997,210.64653
2022-12-04 00:00:00+00:00,12.0225,1.5725,5.15375,33892.88,0.1,0.1,0.0,1.0,27.44749,44.639996,305.91846
2022-12-05 00:00:00+00:00,6.3225,-2.7275,1.4141668,33826.88,0.0,0.0,0.0,0.0,11.570515,22.68,227.12985
2022-12-06 00:00:00+00:00,12.2725,0.47249997,6.955833,33764.84,5.2999997,5.2999997,0.0,8.0,19.469975,30.960001,144.77122
2022-12-07 00:00:00+00:00,14.3225,10.5225,12.416251,33706.906,16.7,16.7,0.0,16.0,22.79684,39.239998,183.29562
2022-12-08 00:00:00+00:00,12.5225,6.8725,9.71,33653.23,0.0,0.0,0.0,0.0,20.3774,33.839996,319.50958
2022-12-09 00:00:00+00:00,7.2225,0.9725,4.130833,33603.844,0.0,0.0,0.0,0.0,18.374111,33.48,357.88095
2022-12-10 00:00:00+00:00,4.5725,-1.5775,1.0558333,33558.125,0.0,0.0,0.0,0.0,20.570463,33.839996,20.826288
2022-12-11 00:00:00+00:00,4.0725,2.1725001,2.9183333,33515.99,5.3,5.2,0.07,9.0,16.563911,28.8,61.474274
2022-12-12 00:00:00+00:00,4.0725,-0.32750002,1.4870833,33477.49,6.5,2.7999995,2.5900002,9.0,22.104116,38.16,6.5601006
2022-12-13 00:00:00+00:00,4.7225,-4.5775,-1.2212499,33442.656,0.0,0.0,0.0,0.0,14.869351,25.56,335.83163
2022-12-14 00:00:00+00:00,4.2725,-1.8774999,0.16208334,33411.53,0.0,0.0,0.0,0.0,19.513195,34.92,316.4958
2022-12-15 00:00:00+00:00,4.2725,-1.5775,1.1475,33384.152,7.1,7.1,0.0,6.0,25.764534,42.48,42.608784
2022-12-16 00:00:00+00:00,6.4225,3.2725,4.84125,33360.547,24.500002,24.200003,0.21000001,24.0,34.94968,57.239998,41.53243
2022-12-17 00:00:00+00:00,6.7725,1.4225,3.9058335,33340.754,0.5,0.5,0.0,4.0,24.798223,42.48,281.82474
2022-12-18 00:00:00+00:00,3.8725,-2.6775,0.94125,33324.81,0.0,0.0,0.0,0.0,22.26768,38.88,282.1987
2022-12-19 00:00:00+00:00,3.4225001,-2.3775,0.16625002,33312.734,0.0,0.0,0.0,0.0,23.363974,41.039997,284.46738
2022-12-20 00:00:00+00:00,3.5725,-1.9775,0.20375001,33304.555,0.0,0.0,0.0,0.0,19.201874,34.56,308.0976
2022-12-21 00:00:00+00:00,2.8725,-4.1275,-1.3733331,33300.3,0.0,0.0,0.0,0.0,13.392774,21.24,335.52505
2022-12-22 00:00:00+00:00,5.7725,-2.4775,1.8391668,33300.0,4.5000005,4.5000005,0.0,7.0,23.219301,36.719997,59.586094
2022-12-23 00:00:00+00:00,12.5225,-9.4775,6.078751,33303.67,28.0,27.399998,0.42000002,19.0,45.958904,81.0,174.28952
2022-12-24 00:00:00+00:00,-4.7775,-13.6775,-11.192084,33311.332,0.0,0.0,0.0,0.0,39.562344,65.88,261.93137
2022-12-25 00:00:00+00:00,-1.7774999,-10.2275,-7.2379165,33323.004,0.0,0.0,0.0,0.0,26.867676,44.639996,247.67458
2022-12-26 00:00:00+00:00,-1.0775,-8.1775,-5.248333,33338.7,0.0,0.0,0.0,0.0,19.70815,33.12,265.02786
2022-12-27 00:00:00+00:00,2.6725001,-5.1275,-2.0066664,33358.434,0.0,0.0,0.0,0.0,14.904173,27.359999,251.94604
2022-12-28 00:00:00+00:00,6.5725,-4.0775,-0.10041693,33382.22,0.0,0.0,0.0,0.0,19.201874,33.839996,224.9394
2022-12-29 00:00:00+00:00,8.3725,-1.1775,2.3974998,33410.125,0.0,0.0,0.0,0.0,15.978484,29.519999,221.82007
2022-12-30 00:00:00+00:00,13.3225,1.2225001,5.5579166,33442.445,0.0,0.0,0.0,0.0,13.5515,25.56,219.96988
2022-12-31 00:00:00+00:00,10.7725,5.4225,7.7850003,33479.133,2.1000001,2.1000001,0.0,7.0,13.237039,26.64,208.48653
2023-01-01 00:00:00+00:00,11.7225,5.1725,9.587085,33520.08,6.2999997,6.2999997,0.0,7.0,17.399586,30.599998,274.18665
2023-01-02 00:00:00+00:00,12.6225,4.3225,7.185001,33565.164,0.2,0.2,0.0,1.0,11.901798,18.359999,261.29123
2023-01-03 00:00:00+00:00,12.6225,6.0725,8.851666,33614.285,9.599999,9.599999,0.0,9.0,19.373219,32.399998,185.53157
2023-01-04 00:00:00+00:00,17.7725,9.8225,12.939167,33667.316,1.3,1.3,0.0,4.0,18.218275,29.16,221.5586
2023-01-05 00:00:00+00:00,12.9225,7.5725,10.322499,33724.152,1.2,1.2,0.0,2.0,12.074766,20.519999,78.79927
2023-01-06 00:00:00+00:00,8.4725,4.6725,6.574583,33784.668,9.599999,9.599999,0.0,14.0,13.627795,24.119999,26.771135
2023-01-07 00:00:00+00:00,8.0225,0.27249998,3.701667,33848.754,0.0,0.0,0.0,0.0,20.240198,34.92,292.3488
2023-01-08 00:00:00+00:00,4.0225,-2.5275,1.3891667,33916.285,0.0,0.0,0.0,0.0,13.746156,21.96,306.05063
2023-01-09 00:00:00+00:00,7.0225,0.72249997,2.9329169,33987.15,1.5000001,1.2,0.21000001,5.0,17.935081,31.68,270.746
2023-01-10 00:00:00+00:00,6.0725,-0.1275,2.2808335,34061.23,0.0,0.0,0.0,0.0,14.561099,26.28,280.36087
2023-01-11 00:00:00+00:00,3.6725001,-1.3774999,1.1120833,34138.406,0.0,0.0,0.0,0.0,13.755579,22.68,29.545324
2023-01-12 00:00:00+00:00,9.4225,-0.77750003,3.5620832,34218.562,4.1000004,4.1000004,0.0,9.0,20.991426,33.48,104.5345
2023-01-13 00:00:00+00:00,12.4725,4.2225,10.007916,34301.59,9.400001,9.400001,0.0,13.0,27.067116,46.079998,221.79465
2023-01-14 00:00:00+00:00,3.6725001,0.3225,1.4100002,34387.363,0.0,0.0,0.0,0.0,25.721743,42.839996,346.753
2023-01-15 00:00:00+00:00,4.9225,-1.9275,0.37875,34475.785,0.0,0.0,0.0,0.0,33.75756,56.519997,353.17926
2023-01-16 00:00:00+00:00,7.9725,-2.5774999,1.0245833,34566.715,0.0,0.0,0.0,0.0,29.162226,48.239998,348.41394
2023-01-17 00:00:00+00:00,7.2225,-2.2275,2.0245833,34660.074,1.4,1.4,0.0,2.0,17.072504,28.44,272.3014
2023-01-18 00:00:00+00:00,10.5725,2.7225,6.226667,34755.918,1.7,1.7,0.0,4.0,25.460936,43.92,275.99307
2023-01-19 00:00:00+00:00,6.1225,2.1725001,3.9725,34855.316,12.7,12.7,0.0,11.0,14.869351,27.359999,295.01712
2023-01-20 00:00:00+00:00,8.7725,1.6225001,5.2079163,34958.277,11.4,11.4,0.0,5.0,30.657122,51.48,297.779
2023-01-21 00:00:00+00:00,5.9225,-0.1275,3.3829165,35064.6,0.2,0.2,0.0,2.0,19.930477,35.28,311.9871
2023-01-22 00:00:00+00:00,5.3725,-3.6275,0.7766668,35174.105,0.1,0.1,0.0,1.0,15.84,29.16,168.60132
2023-01-23 00:00:00+00:00,2.8225,1.5725,2.3225,35286.613,22.200003,21.800003,0.28,24.0,24.985659,41.039997,342.92416
2023-01-24 00:00:00+00:00,7.5225,-1.2774999,2.0600002,35401.934,0.0,0.0,0.0,0.0,27.691935,47.16,278.10126
2023-01-25 00:00:00+00:00,5.7725,-2.6275,0.87041664,35519.895,4.5,3.9000003,0.42000002,6.0,28.04305,46.8,76.18018
2023-01-26 00:00:00+00:00,11.6725,5.0725,8.020417,35640.316,30.000004,30.000004,0.0,12.0,44.72411,83.520004,238.48161
2023-01-27 00:00:00+00:00,5.9225,-1.7774999,2.5620835,35763.023,0.0,0.0,0.0,0.0,19.602652,40.32,253.89989
2023-01-28 00:00:00+00:00,10.6725,-1.0275,3.4099998,35887.855,0.0,0.0,0.0,0.0,23.795427,42.48,232.2153
2023-01-29 00:00:00+00:00,10.2725,-0.0775,5.1058335,36014.637,0.0,0.0,0.0,0.0,22.450264,36.719997,211.334
2023-01-30 00:00:00+00:00,11.4725,2.2225,6.018333,36143.195,0.0,0.0,0.0,0.0,15.683774,27.72,229.74963
2023-01-31 00:00:00+00:00,6.2725,1.3225,3.9641674,36273.383,2.5,1.9000001,0.42,8.0,19.08,33.839996,325.16806
2023-02-01 00:00:00+00:00,2.9725,-3.4775,-0.2525001,36405.043,1.6,0.0,1.1200001,5.0,16.516901,28.08,354.28952
2023-02-02 00:00:00+00:00,3.8725,-4.6275,-0.84416646,36538.004,0.0,0.0,0.0,0.0,19.09358,33.839996,246.03749
2023-02-03 00:00:00+00:00,0.72249997,-9.0775,-2.881667,36672.125,0.0,0.0,0.0,0.0,38.808266,66.6,293.21826
2023-02-04 00:00:00+00:00,-4.0775,-16.7275,-10.654584,36807.258,0.0,0.0,0.0,0.0,42.23676,68.4,303.6665
2023-02-05 00:00:00+00:00,8.9225,-5.0775,0.08291658,36943.25,0.0,0.0,0.0,0.0,19.130875,33.48,207.98238
2023-02-06 00:00:00+00:00,9.9725,-1.1775,3.8975,37079.965,0.0,0.0,0.0,0.0,29.215502,48.6,336.81226
2023-02-07 00:00:00+00:00,3.4725,-4.2775,-0.023333281,37217.496,0.0,0.0,0.0,0.0,21.603,40.32,31.64207
2023-02-08 00:00:00+00:00,10.2225,1.1225001,4.6100006,37357.176,3.2999997,3.1,0.14,4.0,22.493519,39.6,276.94238
2023-02-09 00:00:00+00:00,9.7725,-1.9775,3.2495832,37499.07,0.0,0.0,0.0,0.0,18.888851,29.16,139.20549
2023-02-10 00:00:00+00:00,13.8725,7.4725,11.616249,37643.01,0.0,0.0,0.0,0.0,28.1169,47.16,251.719
2023-02-11 00:00:00+00:00,6.5225,0.22249998,4.2829165,37788.836,0.0,0.0,0.0,0.0,23.507753,39.239998,300.40125
2023-02-12 00:00:00+00:00,6.6225,-0.77750003,2.1787498,37936.38,0.0,0.0,0.0,0.0,9.449572,20.880001,251.76053
2023-02-13 00:00:00+00:00,13.1225,2.2725,5.8766665,38085.49,2.6000001,1.5,0.77,5.0,23.863409,37.8,356.4553
2023-02-14 00:00:00+00:00,11.1725,2.3225,6.4204164,38236.0,0.0,0.0,0.0,0.0,23.166218,38.16,288.2367
2023-02-15 00:00:00+00:00,16.7725,2.8225,8.524583,38387.766,0.0,0.0,0.0,0.0,26.865265,45.36,202.2228
2023-02-16 00:00:00+00:00,19.0225,9.0225,12.880836,38540.637,2.8999999,2.8999999,0.0,3.0,21.638964,35.28,231.00581
2023-02-17 00:00:00+00:00,15.1725,3.9724998,10.951667,38694.46,8.1,8.1,0.0,9.0,33.127823,66.6,244.14752
2023-02-18 00:00:00+00:00,5.5225,-2.8775,0.6141667,38849.1,0.0,0.0,0.0,0.0,33.790176,55.8,301.10568
2023-02-19 00:00:00+00:00,7.9224997,-0.5775,3.145417,39004.418,0.0,0.0,0.0,0.0,29.827904,49.32,194.47742
2023-02-20 00:00:00+00:00,15.1225,5.3225,8.21625,39160.266,0.0,0.0,0.0,0.0,25.325686,41.760002,236.51472
2023-02-21 00:00:00+00:00,10.1725,1.9725001,5.241251,39316.508,7.1000004,6.5,0.42000002,7.0,17.76081,41.399998,23.073162
2023-02-22 00:00:00+00:00,5.3725,-1.0275,2.4016666,39473.01,3.7000003,3.3000002,0.28,6.0,12.031756,20.519999,313.48163
2023-02-23 00:00:00+00:00,7.5225,2.0225,4.02875,39629.65,1.3,1.3,0.0,6.0,16.08761,27.72,53.08806
2023-02-24 00:00:00+00:00,7.2225,0.3725,4.55375,39786.285,0.0,0.0,0.0,0.0,35.25979,58.679996,318.27945
2023-02-25 00:00:00+00:00,0.1725,-5.7775,-3.0775,39942.79,0.70000005,0.0,0.49,6.0,19.839235,37.44,324.86575
2023-02-26 00:00:00+00:00,9.9725,-4.0275,1.3891665,40099.043,0.0,0.0,0.0,0.0,34.68166,60.479996,240.1398
2023-02-27 00:00:00+00:00,4.7225,-2.3775,1.3891667,40255.14,0.0,0.0,0.0,0.0,21.767351,39.96,324.55426
2023-02-28 00:00:00+00:00,1.9225001,-0.17750001,1.0391667,40412.367,16.900003,2.7999997,9.87,22.0,24.842607,42.12,66.64714
2023-03-01 00:00:00+00:00,5.6225,-2.7275,1.1141667,40570.816,3.2,0.70000005,1.75,3.0,22.039528,43.199997,46.548164
2023-03-02 00:00:00+00:00,13.5225,2.0225,6.0891666,40730.37,1.7,1.7,0.0,6.0,22.66857,39.96,338.78033
2023-03-03 00:00:00+00:00,7.2725,-1.7774999,3.5204165,40890.902,0.1,0.1,0.0,1.0,23.157824,37.079998,9.435555
2023-03-04 00:00:00+00:00,6.9225,2.9725,5.205834,41052.3,44.499996,44.499996,0.0,14.0,38.445908,68.76,45.138973
2023-03-05 00:00:00+00:00,12.0225,-0.6275,5.01,41214.438,0.0,0.0,0.0,0.0,27.438046,47.519997,306.4975
2023-03-06 00:00:00+00:00,9.9725,1.1725,5.5391674,41377.195,0.0,0.0,0.0,0.0,23.113008,41.039997,305.89624
2023-03-07 00:00:00+00:00,7.2225,1.2725,4.164166,41540.47,2.7,0.20000002,1.7500001,7.0,36.322556,62.639996,315.59836
2023-03-08 00:00:00+00:00,9.2225,-2.3274999,2.4079168,41704.137,0.0,0.0,0.0,0.0,34.561874,58.679996,336.62012
2023-03-09 00:00:00+00:00,10.2225,-0.7275,4.164167,41868.082,0.0,0.0,0.0,0.0,22.26477,38.88,340.87955
2023-03-10 00:00:00+00:00,7.2225,-1.4775,2.6954167,42032.203,0.3,0.3,0.0,2.0,16.75064,31.68,28.730238
2023-03-11 00:00:00+00:00,6.7725,1.5225,4.3662496,42196.383,20.1,18.2,1.33,18.0,25.764534,45.36,24.411127
2023-03-12 00:00:00+00:00,7.6225,-1.2774999,2.9641669,42360.504,0.0,0.0,0.0,0.0,19.164717,31.319998,344.90442
2023-03-13 00:00:00+00:00,5.6725,3.4225001,4.3766665,42524.465,10.400001,10.400001,0.0,19.0,20.5484,33.48,86.50786
2023-03-14 00:00:00+00:00,4.3725,1.3725001,2.4349997,42688.152,18.199999,14.299998,2.7300003,24.0,44.281464,75.96,300.68008
2023-03-15 00:00:00+00:00,6.8225,0.6225,2.7829163,42851.46,0.3,0.0,0.21000001,3.0,38.723015,65.520004,306.86502
2023-03-16 00:00:00+00:00,13.1725,-1.5274999,4.5558333,43014.28,0.0,0.0,0.0,0.0,25.7041,52.199997,293.98026
2023-03-17 00:00:00+00:00,14.1225,2.2725,7.7766666,43176.492,0.0,0.0,0.0,0.0,22.159746,34.92,206.22192
2023-03-18 00:00:00+00:00,10.8225,3.8225002,8.30375,43337.992,0.7,0.7,0.0,3.0,26.14403,41.399998,283.42618
2023-03-19 00:00:00+00:00,6.2725,-2.9775,1.7100002,43498.883,0.0,0.0,0.0,0.0,27.345785,48.6,280.01974
2023-03-20 00:00:00+00:00,10.4725,-3.4775,2.26,43660.32,0.0,0.0,0.0,0.0,17.786331,33.839996,240.75392
2023-03-21 00:00:00+00:00,15.5725,-1.1775,6.505833,43822.42,0.0,0.0,0.0,0.0,20.08916,37.44,242.58769
2023-03-22 00:00:00+00:00,13.0725,2.1225,7.632917,43985.082,0.0,0.0,0.0,0.0,23.14103,38.88,194.22707
2023-03-23 00:00:00+00:00,14.7225,5.0225,9.582917,44148.2,2.8,2.8,0.0,4.0,24.458813,40.32,215.0132
2023-03-24 00:00:00+00:00,14.3225,5.5725,9.618334,44311.676,0.2,0.2,0.0,2.0,19.164717,32.039997,311.74866
2023-03-25 00:00:00+00:00,7.3725,2.7225,5.6391664,44475.41,11.5,11.5,0.0,10.0,31.37168,51.12,79.300964
2023-03-26 00:00:00+00:00,14.8225,3.0225,8.56,44639.3,0.0,0.0,0.0,0.0,24.490587,43.199997,279.48334
2023-03-27 00:00:00+00:00,14.6225,2.3225,7.980833,44803.25,1.3,1.3,0.0,1.0,23.686249,42.12,72.42863
2023-03-28 00:00:00+00:00,10.9725,2.8725,6.4391665,44967.152,1.9,1.9,0.0,5.0,21.129885,38.88,1.1426818
2023-03-29 00:00:00+00:00,10.7725,-0.2775,5.1558337,45130.906,0.0,0.0,0.0,0.0,24.216522,39.239998,339.918
2023-03-30 00:00:00+00:00,7.3225,-1.6775,3.6245832,45294.41,0.1,0.1,0.0,1.0,28.460497,48.239998,298.81845
2023-03-31 00:00:00+00:00,9.8225,-1.0275,4.630833,45457.555,0.0,0.0,0.0,0.0,29.354902,51.12,172.04001
2023-04-01 00:00:00+00:00,19.4725,7.5225,13.928749,45620.25,8.0,8.0,0.0,11.0,26.712873,52.56,215.85466
2023-04-02 00:00:00+00:00,14.0725,3.5725,8.009999,45782.375,2.1,2.1,0.0,2.0,35.259792,62.639996,306.8624
2023-04-03 00:00:00+00:00,13.1725,-0.3775,5.955833,45943.824,0.0,0.0,0.0,0.0,30.861471,53.28,147.86493
2023-04-04 00:00:00+00:00,18.4725,5.7225,12.1849985,46104.496,0.0,0.0,0.0,0.0,20.211363,39.6,172.27144
2023-04-05 00:00:00+00:00,16.0225,9.6725,12.364169,46264.273,0.4,0.4,0.0,4.0,20.49156,34.92,81.60592
2023-04-06 00:00:00+00:00,26.2725,9.1225,15.41,46423.047,0.4,0.4,0.0,2.0,18.671474,34.2,184.96967
2023-04-07 00:00:00+00:00,17.5225,9.1225,12.282916,46580.703,2.9,2.9,0.0,3.0,21.868332,37.079998,321.2665
2023-04-08 00:00:00+00:00,10.1725,1.5225,6.15375,46737.33,0.0,0.0,0.0,0.0,20.497883,33.839996,336.3139
2023-04-09 00:00:00+00:00,11.5225,0.9725,6.289167,46894.027,0.0,0.0,0.0,0.0,24.162947,43.199997,151.8051
2023-04-10 00:00:00+00:00,17.6225,1.9725001,8.1475,47050.91,0.0,0.0,0.0,0.0,18.837322,34.2,204.98347
2023-04-11 00:00:00+00:00,22.7725,6.2225,13.39125,47207.867,0.0,0.0,0.0,0.0,25.959969,45.36,247.86998
2023-04-12 00:00:00+00:00,27.2725,15.3225,19.91208,47364.805,0.0,0.0,0.0,0.0,24.269983,43.92,276.57068
2023-04-13 00:00:00+00:00,30.8725,11.7225,21.26,47521.61,0.0,0.0,0.0,0.0,20.633371,34.56,268.4131
2023-04-14 00:00:00+00:00,29.3725,13.6225,21.916246,47678.184,0.0,0.0,0.0,0.0,19.201874,34.2,220.68784
2023-04-15 00:00:00+00:00,22.7225,14.6725,18.484999,47834.418,0.70000005,0.70000005,0.0,2.0,19.513195,37.079998,176.13574
2023-04-16 00:00:00+00:00,20.7225,13.0225,15.932915,47990.195,4.2999997,4.2999997,0.0,4.0,17.727943,34.2,136.74274
2023-04-17 00:00:00+00:00,19.822498,11.3725,14.00375,48145.42,3.1,3.1,0.0,5.0,24.522314,43.199997,173.35854
2023-04-18 00:00:00+00:00,14.8225,8.5225,12.020417,48299.97,0.1,0.1,0.0,1.0,36.457886,68.03999,262.96265
2023-04-19 00:00:00+00:00,17.2725,4.0725,9.701667,48453.723,0.0,0.0,0.0,0.0,24.535526,46.079998,282.68314
2023-04-20 00:00:00+00:00,15.6725,5.5725,10.395417,48606.574,0.0,0.0,0.0,0.0,16.179985,30.960001,77.76963
2023-04-21 00:00:00+00:00,18.822498,7.9224997,12.674583,48758.4,0.0,0.0,0.0,0.0,23.904108,43.199997,116.22861
2023-04-22 00:00:00+00:00,19.5225,9.6725,13.553749,48909.07,7.4,7.4,0.0,3.0,30.5173,52.199997,106.68239
2023-04-23 00:00:00+00:00,18.9725,12.3225,14.687084,49058.47,26.7,26.7,0.0,17.0,22.768398,52.199997,251.92194
2023-04-24 00:00:00+00:00,15.972501,6.0725,11.374583,49206.46,0.0,0.0,0.0,0.0,19.05281,36.36,290.221
2023-04-25 00:00:00+00:00,14.9725,5.3225,10.264167,49352.926,0.3,0.3,0.0,3.0,13.202726,25.56,308.60266
2023-04-26 00:00:00+00:00,13.6725,5.9225,9.64125,49497.72,0.9,0.9,0.0,3.0,22.065973,39.6,118.9091
2023-04-27 00:00:00+00:00,13.2725,7.1225,10.495418,49640.71,0.70000005,0.70000005,0.0,6.0,16.78156,32.760002,150.55467
2023-04-28 00:00:00+00:00,12.8225,6.5725,9.6537485,49781.96,1.0,1.0,0.0,4.0,23.313995,40.68,88.60771
2023-04-29 00:00:00+00:00,12.0225,8.5225,10.151667,49922.52,63.300003,63.300003,0.0,24.0,30.718357,52.199997,76.244545
2023-04-30 00:00:00+00:00,14.6725,10.2725,11.999583,50062.49,17.7,17.7,0.0,14.0,27.475807,46.079998,69.75241
2023-05-01 00:00:00+00:00,15.4725,7.3225,12.910001,50201.754,7.6,7.6,0.0,11.0,38.64764,64.439995,243.81114
2023-05-02 00:00:00+00:00,13.2225,8.1725,10.376667,50340.19,0.8,0.8,0.0,4.0,26.903828,46.44,236.40648
2023-05-03 00:00:00+00:00,12.3225,5.5225,9.441251,50477.7,0.6,0.6,0.0,6.0,14.84318,31.319998,255.88396
2023-05-04 00:00:00+00:00,14.2225,6.1225,9.757918,50614.145,0.70000005,0.70000005,0.0,6.0,16.263872,28.8,6.875587
2023-05-05 00:00:00+00:00,16.922499,6.6725,11.305833,50749.418,4.6000004,4.6000004,0.0,6.0,11.91812,24.48,334.7724
2023-05-06 00:00:00+00:00,20.822498,6.3725,13.2579155,50883.383,0.0,0.0,0.0,0.0,19.008545,34.56,308.62592
2023-05-07 00:00:00+00:00,23.572498,9.0725,15.626666,51015.926,0.0,0.0,0.0,0.0,22.057161,39.239998,281.9821
2023-05-08 00:00:00+00:00,23.4725,12.6225,18.101664,51146.906,0.0,0.0,0.0,0.0,21.203358,38.16,314.69086
2023-05-09 00:00:00+00:00,19.072498,10.3225,14.8933325,51276.2,0.0,0.0,0.0,0.0,21.659916,39.239998,14.315985
2023-05-10 00:00:00+00:00,20.9725,6.9225,13.480834,51403.67,0.0,0.0,0.0,0.0,19.829433,36.0,212.8687
2023-05-11 00:00:00+00:00,25.172499,9.3225,16.87875,51529.184,0.0,0.0,0.0,0.0,21.749483,38.88,237.38074
2023-05-12 00:00:00+00:00,29.322498,12.7725,20.432917,51652.598,0.0,0.0,0.0,0.0,15.315873,27.0,238.55223
2023-05-13 00:00:00+00:00,27.172499,17.3725,22.149582,51773.76,0.0,0.0,0.0,0.0,19.734436,34.2,285.50183
2023-05-14 00:00:00+00:00,22.672499,12.3725,17.96625,51892.543,0.0,0.0,0.0,0.0,21.986542,36.0,349.31186
2023-05-15 00:00:00+00:00,25.1225,9.4725,16.859999,52008.79,0.0,0.0,0.0,0.0,18.733839,30.599998,312.64484
2023-05-16 00:00:00+00:00,27.5225,12.5725,19.624582,52122.35,0.0,0.0,0.0,0.0,24.933735,41.399998,248.07095
2023-05-17 00:00:00+00:00,21.572498,11.1725,16.326666,52233.074,0.0,0.0,0.0,0.0,26.368616,46.44,326.09296
2023-05-18 00:00:00+00:00,14.0225,6.6225,10.976666,52340.98,0.0,0.0,0.0,0.0,22.077717,40.68,102.61928
2023-05-19 00:00:00+00:00,19.322498,10.2725,14.230834,52446.945,0.0,0.0,0.0,0.0,33.00436,57.239998,164.3654
2023-05-20 00:00:00+00:00,17.2225,13.3225,15.074581,52551.04,26.599998,26.599998,0.0,13.0,18.359999,34.92,126.71944
2023-05-21 00:00:00+00:00,21.6225,12.7725,17.195415,52653.16,0.90000004,0.90000004,0.0,4.0,22.961115,40.32,312.76648
2023-05-22 00:00:00+00:00,22.7725,12.0725,17.053747,52753.195,0.2,0.2,0.0,2.0,20.620804,36.0,26.932245
2023-05-23 00:00:00+00:00,19.2225,10.8725,14.432916,52851.047,0.0,0.0,0.0,0.0,21.485697,40.32,119.55272
2023-05-24 00:00:00+00:00,21.672499,9.6725,14.905833,52946.6,0.0,0.0,0.0,0.0,20.87379,39.239998,130.04588
2023-05-25 00:00:00+00:00,18.9725,9.8725,14.693333,53039.754,0.7,0.7,0.0,2.0,25.922499,42.839996,10.972608
2023-05-26 00:00:00+00:00,22.0225,9.8225,15.732915,53130.39,0.0,0.0,0.0,0.0,15.315873,29.88,17.088577
2023-05-27 00:00:00+00:00,24.1225,9.6725,16.81,53218.402,0.0,0.0,0.0,0.0,20.12461,34.92,155.99878
2023-05-28 00:00:00+00:00,23.422499,11.4225,17.270414,53303.676,0.0,0.0,0.0,0.0,19.930477,35.64,188.58351
2023-05-29 00:00:00+00:00,24.4725,13.5725,18.574583,53386.094,0.0,0.0,0.0,0.0,28.467327,49.32,123.59204
2023-05-30 00:00:00+00:00,20.1225,11.5225,15.695416,53465.547,0.0,0.0,0.0,0.0,18.581022,36.719997,95.15733
2023-05-31 00:00:00+00:00,22.3725,10.5225,15.672498,53541.918,0.0,0.0,0.0,0.0,15.315873,29.519999,117.32153
2023-06-01 00:00:00+00:00,27.172499,12.0725,18.659998,53615.098,0.0,0.0,0.0,0.0,17.418196,32.760002,158.00568
2023-06-02 00:00:00+00:00,30.5225,14.9225,21.914164,53684.96,0.0,0.0,0.0,0.0,17.114204,33.48,162.17014
2023-06-03 00:00:00+00:00,22.1225,17.6225,18.984997,53751.4,3.5,3.5,0.0,3.0,22.26477,40.32,65.40086
2023-06-04 00:00:00+00:00,21.2225,10.2225,15.359998,53814.29,0.1,0.1,0.0,1.0,25.006397,42.48,26.331966
2023-06-05 00:00:00+00:00,23.7725,11.3225,17.097498,53873.53,0.0,0.0,0.0,0.0,21.479666,42.48,349.18283
2023-06-06 00:00:00+00:00,25.572498,14.3725,19.274584,53928.99,0.2,0.2,0.0,1.0,33.948975,56.88,318.22696
2023-06-07 00:00:00+00:00,24.8725,13.0225,18.895416,53980.65,0.0,0.0,0.0,0.0,21.313093,38.16,311.50912
2023-06-08 00:00:00+00:00,22.172499,10.4725,16.65375,54028.945,0.0,0.0,0.0,0.0,19.242327,36.36,300.3823
2023-06-09 00:00:00+00:00,22.6225,11.4725,16.65375,54073.926,0.2,0.2,0.0,1.0,19.995398,35.64,290.73193
2023-06-10 00:00:00+00:00,26.1225,12.0725,18.295416,54115.555,0.7,0.7,0.0,1.0,18.079027,34.92,303.7149
2023-06-11 00:00:00+00:00,26.922499,16.172499,20.764164,54153.8,0.2,0.2,0.0,2.0,18.58451,35.28,168.00916
2023-06-12 00:00:00+00:00,23.7725,19.322498,21.07458,54188.63,2.2,2.2,0.0,3.0,26.987997,47.16,152.64853
2023-06-13 00:00:00+00:00,26.172499,15.9225,20.749582,54220.01,6.2999997,6.2999997,0.0,4.0,21.605999,37.44,270.24008
2023-06-14 00:00:00+00:00,24.4725,14.6225,18.495415,54247.914,9.5,9.5,0.0,7.0,24.122686,43.56,207.43683
2023-06-15 00:00:00+00:00,25.9725,14.7725,19.835001,54272.312,0.0,0.0,0.0,0.0,20.447239,36.36,287.25366
2023-06-16 00:00:00+00:00,25.6225,14.9225,19.36625,54293.184,4.6,4.6,0.0,5.0,18.844202,35.28,202.06293
2023-06-17 00:00:00+00:00,25.2225,14.5725,19.657915,54310.496,6.2999997,6.2999997,0.0,2.0,31.63087,53.28,325.23703
2023-06-18 00:00:00+00:00,26.2725,15.5225,20.797499,54324.227,0.0,0.0,0.0,0.0,19.164717,38.519997,309.5555
2023-06-19 00:00:00+00:00,25.0225,16.072498,20.647497,54334.363,1.4000001,1.4000001,0.0,3.0,19.95972,35.28,66.454636
2023-06-20 00:00:00+00:00,23.2725,16.2225,19.466246,54340.867,0.0,0.0,0.0,0.0,21.313093,39.239998,103.07506
2023-06-21 00:00:00+00:00,22.672499,15.2725,18.516249,54343.74,0.0,0.0,0.0,0.0,23.400002,41.039997,76.74463
2023-06-22 00:00:00+00:00,20.1225,15.2225,17.691248,54342.953,0.6,0.6,0.0,4.0,24.985659,43.56,57.10639
2023-06-23 00:00:00+00:00,22.672499,16.822498,19.570414,54338.496,8.200001,8.200001,0.0,6.0,21.817902,38.519997,119.319466
2023-06-24 00:00:00+00:00,25.4725,19.0225,21.299583,54330.355,25.4,25.4,0.0,19.0,16.923828,36.36,159.89442
2023-06-25 00:00:00+00:00,28.322498,18.422499,22.7725,54318.516,1.5,1.5,0.0,3.0,17.87718,32.760002,188.6575
2023-06-26 00:00:00+00:00,25.322498,18.8725,21.50583,54302.973,4.3,4.3,0.0,7.0,20.188908,37.44,136.34575
2023-06-27 00:00:00+00:00,26.1225,19.172499,21.524582,54283.68,17.800001,17.800001,0.0,12.0,20.265795,35.64,147.9119
2023-06-28 00:00:00+00:00,28.422499,18.672499,22.522497,54260.426,3.6999998,3.6999998,0.0,12.0,13.849476,27.72,267.1377
2023-06-29 00:00:00+00:00,28.422499,16.0225,22.214165,54233.246,0.0,0.0,0.0,0.0,14.277983,27.72,311.25287
2023-06-30 00:00:00+00:00,29.0225,16.8725,22.764166,54202.215,0.0,0.0,0.0,0.0,21.129885,37.44,171.51332
2023-07-01 00:00:00+00:00,26.672499,17.4725,22.332916,54167.414,0.0,0.0,0.0,0.0,24.675106,44.28,169.46812
2023-07-02 00:00:00+00:00,31.0225,20.1225,23.845413,54128.92,14.500002,14.500002,0.0,18.0,20.592503,38.16,182.0606
2023-07-03 00:00:00+00:00,30.922499,22.1225,25.26416,54086.824,15.6,15.6,0.0,9.0,16.78156,28.8,239.00334
2023-07-04 00:00:00+00:00,29.172499,21.072498,24.487078,54041.203,9.2,9.2,0.0,13.0,13.246826,28.08,251.32819
2023-07-05 00:00:00+00:00,32.0725,20.822498,25.859999,53992.133,0.0,0.0,0.0,0.0,15.192682,27.0,62.447205
2023-07-06 00:00:00+00:00,31.072498,21.2725,26.141249,53939.715,0.0,0.0,0.0,0.0,19.966211,35.64,176.92358
2023-07-07 00:00:00+00:00,29.4725,21.6225,24.81,53884.027,0.5,0.5,0.0,4.0,18.359999,35.64,148.30624
2023-07-08 00:00:00+00:00,29.3725,22.7225,25.462082,53825.156,3.2,3.2,0.0,10.0,15.158522,27.359999,147.41167
2023-07-09 00:00:00+00:00,26.7225,21.322498,23.185,53763.184,16.6,16.6,0.0,14.0,14.917212,32.039997,161.96562
2023-07-10 00:00:00+00:00,28.4725,21.3725,23.94333,53698.2,4.4999995,4.4999995,0.0,10.0,17.238699,32.039997,330.13104
2023-07-11 00:00:00+00:00,31.5225,16.8725,24.21,53630.297,0.0,0.0,0.0,0.0,10.587918,21.599998,295.0976
2023-07-12 00:00:00+00:00,32.8225,19.422499,26.051666,53559.547,0.0,0.0,0.0,0.0,16.311613,30.599998,245.77837
2023-07-13 00:00:00+00:00,31.672499,21.072498,27.012083,53486.05,0.2,0.2,0.0,2.0,24.36591,41.399998,186.45389
2023-07-14 00:00:00+00:00,28.0225,21.1225,24.66208,53409.895,3.6999998,3.6999998,0.0,6.0,20.674158,36.719997,158.23763
2023-07-15 00:00:00+00:00,29.2725,20.2225,24.243332,53331.156,40.499996,40.499996,0.0,13.0,16.75064,32.760002,157.56697
2023-07-16 00:00:00+00:00,25.7725,21.6225,24.091248,53249.93,40.8,40.8,0.0,20.0,18.218275,34.92,189.38057
2023-07-17 00:00:00+00:00,31.572498,19.822498,24.924583,53166.145,1.1,1.1,0.0,3.0,17.595861,32.039997,227.59476
2023-07-18 00:00:00+00:00,29.422499,21.172499,25.124582,53079.062,8.299999,8.299999,0.0,7.0,17.114204,34.92,196.07516
2023-07-19 00:00:00+00:00,27.322498,18.572498,22.937082,52988.695,3.8000002,3.8000002,0.0,6.0,10.948973,23.4,237.99466
2023-07-20 00:00:00+00:00,28.322498,19.7725,23.634996,52895.168,0.5,0.5,0.0,3.0,14.917212,26.64,91.23191
2023-07-21 00:00:00+00:00,29.322498,21.6225,24.074583,52798.633,3.5,3.5,0.0,9.0,15.629971,33.12,184.52464
2023-07-22 00:00:00+00:00,28.2225,18.322498,23.468336,52699.234,0.0,0.0,0.0,0.0,15.077082,26.64,326.88568
2023-07-23 00:00:00+00:00,29.8725,17.1225,23.487083,52597.11,0.5,0.5,0.0,3.0,19.319628,32.760002,301.3495
2023-07-24 00:00:00+00:00,28.5225,18.3725,24.070414,52492.402,0.0,0.0,0.0,0.0,23.143827,42.48,182.6891
2023-07-25 00:00:00+00:00,28.4725,19.0225,23.407913,52385.246,10.9,10.9,0.0,10.0,15.124284,32.760002,200.01607
2023-07-26 00:00:00+00:00,29.8725,16.8725,23.082916,52275.773,0.4,0.4,0.0,3.0,20.945072,37.079998,227.59279
2023-07-27 00:00:00+00:00,33.6725,22.072498,26.864164,52164.13,0.7,0.7,0.0,4.0,27.534704,52.56,216.64471
2023-07-28 00:00:00+00:00,34.0225,21.172499,27.19333,52050.438,0.0,0.0,0.0,0.0,17.309973,31.68,255.38496
2023-07-29 00:00:00+00:00,33.6725,24.422499,27.749578,51934.832,2.3,2.3,0.0,3.0,32.839024,49.68,248.76888
2023-07-30 00:00:00+00:00,28.822498,17.4725,22.79125,51817.43,2.0,2.0,0.0,1.0,22.782625,52.199997,333.33752
2023-07-31 00:00:00+00:00,29.2725,15.3225,22.076666,51698.355,0.0,0.0,0.0,0.0,14.88242,29.519999,309.27823
2023-08-01 00:00:00+00:00,26.822498,16.822498,22.184998,51577.75,0.0,0.0,0.0,0.0,18.899143,31.319998,351.56464
2023-08-02 00:00:00+00:00,27.5225,14.3225,20.659998,51455.72,0.0,0.0,0.0,0.0,16.904673,30.599998,4.9905233
2023-08-03 00:00:00+00:00,26.1225,15.3725,21.107916,51332.387,0.90000004,0.90000004,0.0,4.0,30.035742,51.839996,186.18547
2023-08-04 00:00:00+00:00,27.2725,18.2225,22.74333,51207.86,0.90000004,0.90000004,0.0,4.0,21.26744,40.68,209.76715
2023-08-05 00:00:00+00:00,30.5225,18.072498,23.9975,51082.26,0.2,0.2,0.0,2.0,12.9249525,26.28,332.62238
2023-08-06 00:00:00+00:00,29.672499,17.922499,24.049582,50955.51,0.0,0.0,0.0,0.0,21.758419,37.8,116.56489
2023-08-07 00:00:00+00:00,27.5225,21.822498,23.995413,50826.62,22.9,22.9,0.0,13.0,31.205997,54.0,170.24208
2023-08-08 00:00:00+00:00,26.922499,21.3725,23.801664,50695.535,30.199999,30.199999,0.0,8.0,30.633865,50.76,241.63104
2023-08-09 00:00:00+00:00,29.2725,19.5225,24.032915,50562.402,0.1,0.1,0.0,1.0,22.406927,42.12,290.05685
2023-08-10 00:00:00+00:00,25.2725,18.572498,22.224579,50427.363,11.9,11.9,0.0,9.0,14.934577,27.0,220.47383
2023-08-11 00:00:00+00:00,28.9725,17.922499,22.764166,50290.55,0.1,0.1,0.0,1.0,20.172853,35.64,285.15558
2023-08-12 00:00:00+00:00,27.922499,16.922499,22.620415,50152.105,6.5,6.5,0.0,4.0,15.978486,33.12,157.53938
2023-08-13 00:00:00+00:00,30.4725,21.322498,24.80375,50012.156,5.0,5.0,0.0,10.0,20.833395,36.36,268.29977
2023-08-14 00:00:00+00:00,30.672499,18.5225,24.205832,49870.83,1.3,1.3,0.0,4.0,20.456745,36.719997,235.34308
2023-08-15 00:00:00+00:00,26.822498,21.0225,24.205832,49728.258,19.600002,19.600002,0.0,8.0,17.49615,33.12,9.727368
2023-08-16 00:00:00+00:00,26.3725,20.572498,22.853745,49584.56,4.6,4.6,0.0,10.0,14.440443,28.8,79.23752
2023-08-17 00:00:00+00:00,25.4725,20.1225,22.59958,49439.863,5.9,5.9,0.0,13.0,20.26899,35.64,124.18341
2023-08-18 00:00:00+00:00,26.7225,21.4725,23.712082,49294.277,3.1999998,3.1999998,0.0,4.0,25.264202,41.760002,247.25627
2023-08-19 00:00:00+00:00,26.172499,15.1725,20.572498,49147.926,0.0,0.0,0.0,0.0,20.991426,36.36,278.61176
2023-08-20 00:00:00+00:00,29.672499,14.9725,22.13708,49000.92,0.0,0.0,0.0,0.0,14.386494,27.0,260.2446
2023-08-21 00:00:00+00:00,30.8725,18.2225,24.391249,48853.37,0.1,0.1,0.0,1.0,15.072783,27.72,288.36707
2023-08-22 00:00:00+00:00,25.8725,17.7225,22.65375,48705.395,0.0,0.0,0.0,0.0,22.725668,38.16,1.3321922
2023-08-23 00:00:00+00:00,25.322498,15.7725,20.262085,48557.09,0.0,0.0,0.0,0.0,18.057508,30.960001,27.660645
2023-08-24 00:00:00+00:00,24.2225,19.322498,21.076664,48408.562,1.9,1.9,0.0,6.0,26.415268,45.0,157.97768
2023-08-25 00:00:00+00:00,27.7725,19.4725,22.859999,48259.92,9.400002,9.400002,0.0,10.0,19.66536,41.399998,187.14143
2023-08-26 00:00:00+00:00,29.9725,19.672499,24.182917,48111.08,2.2,2.2,0.0,2.0,13.1041975,25.56,337.52054
2023-08-27 00:00:00+00:00,28.1225,18.2225,23.343332,47960.977,0.70000005,0.70000005,0.0,4.0,14.773164,27.72,2.6670434
2023-08-28 00:00:00+00:00,24.7725,18.672499,21.59958,47809.555,1.1,1.1,0.0,4.0,18.440998,32.039997,117.36697
2023-08-29 00:00:00+00:00,27.422499,17.5225,22.049582,47656.918,1.6000001,1.6000001,0.0,5.0,13.53236,26.64,94.90549
2023-08-30 00:00:00+00:00,29.3725,21.2725,24.189163,47503.184,0.7,0.7,0.0,3.0,20.46941,35.64,276.84708
2023-08-31 00:00:00+00:00,24.922499,16.922499,20.96625,47348.465,0.0,0.0,0.0,0.0,22.461807,39.6,356.273
2023-09-01 00:00:00+00:00,24.2225,13.4725,18.843332,47192.867,0.0,0.0,0.0,0.0,15.2947035,27.72,29.571144
2023-09-02 00:00:00+00:00,26.7225,12.7225,19.10375,47036.496,0.0,0.0,0.0,0.0,24.20314,42.12,199.4037
2023-09-03 00:00:00+00:00,32.122498,17.7725,24.16833,46879.47,0.3,0.3,0.0,2.0,16.800856,32.399998,257.75983
2023-09-04 00:00:00+00:00,33.622498,19.6225,26.532915,46721.875,0.0,0.0,0.0,0.0,18.089775,32.039997,321.00232
2023-09-05 00:00:00+00:00,35.122498,21.8725,27.574583,46563.83,1.2,1.2,0.0,1.0,14.081478,25.56,350.18076
2023-09-06 00:00:00+00:00,35.6725,22.7225,28.555834,46405.418,0.0,0.0,0.0,0.0,9.422101,20.880001,336.06982
2023-09-07 00:00:00+00:00,35.0225,21.322498,28.207914,46246.754,0.0,0.0,0.0,0.0,18.532133,34.92,226.32655
2023-09-08 00:00:00+00:00,31.4725,20.172499,25.160002,46087.92,8.9,8.9,0.0,8.0,16.055353,33.12,163.6591
2023-09-09 00:00:00+00:00,29.0225,20.5225,23.809998,45929.023,11.800001,11.800001,0.0,9.0,12.641076,28.44,79.07726
2023-09-10 00:00:00+00:00,24.322498,19.3725,21.843332,45770.16,9.400002,9.400002,0.0,9.0,10.703569,27.72,62.78403
2023-09-11 00:00:00+00:00,27.422499,19.672499,22.453749,45611.414,16.700003,16.700003,0.0,14.0,10.464798,22.319998,37.067318
2023-09-12 00:00:00+00:00,28.7225,18.8725,22.747498,45452.887,0.90000004,0.90000004,0.0,3.0,11.874544,20.880001,326.4939
2023-09-13 00:00:00+00:00,26.422499,20.322498,22.347498,45294.676,17.000002,17.000002,0.0,13.0,11.885453,24.84,230.9061
2023-09-14 00:00:00+00:00,24.7725,16.822498,20.46,45136.867,0.1,0.1,0.0,1.0,16.904673,29.88,343.4733
2023-09-15 00:00:00+00:00,21.2225,13.4225,17.295418,44979.36,0.0,0.0,0.0,0.0,23.266697,40.32,358.68466
2023-09-16 00:00:00+00:00,24.2225,14.9725,18.626667,44821.094,0.0,0.0,0.0,0.0,21.9718,38.16,323.70212
2023-09-17 00:00:00+00:00,24.0225,11.5725,17.945414,44661.98,0.0,0.0,0.0,0.0,14.81259,24.84,266.6581
2023-09-18 00:00:00+00:00,21.2725,17.922499,19.059998,44502.13,14.300001,14.300001,0.0,18.0,17.31746,30.960001,16.927576
2023-09-19 00:00:00+00:00,23.2225,13.1725,17.926666,44341.625,0.1,0.1,0.0,1.0,21.53089,38.16,291.52957
2023-09-20 00:00:00+00:00,23.2725,11.4725,16.926666,44180.58,0.0,0.0,0.0,0.0,14.33234,27.359999,298.98984
2023-09-21 00:00:00+00:00,22.572498,11.3225,16.574583,44019.086,0.0,0.0,0.0,0.0,13.004921,26.64,355.2452
2023-09-22 00:00:00+00:00,22.172499,12.7725,16.926664,43857.25,0.0,0.0,0.0,0.0,22.61419,39.239998,67.952774
2023-09-23 00:00:00+00:00,16.6225,13.3725,15.072499,43695.168,42.099995,42.099995,0.0,17.0,31.435646,52.92,43.69369
2023-09-24 00:00:00+00:00,19.572498,14.9725,16.805832,43532.938,15.7,15.7,0.0,18.0,31.883888,55.44,56.5146
2023-09-25 00:00:00+00:00,17.072498,15.5225,16.237082,43370.652,19.200003,19.200003,0.0,23.0,30.827856,51.12,43.990067
2023-09-26 00:00:00+00:00,16.7725,13.4225,14.999583,43208.418,8.6,8.6,0.0,14.0,24.569836,42.48,39.746143
2023-09-27 00:00:00+00:00,17.5225,9.1225,13.764167,43046.324,0.0,0.0,0.0,0.0,19.386593,35.64,40.150124
2023-09-28 00:00:00+00:00,18.5225,10.4725,13.641248,42884.473,0.1,0.1,0.0,1.0,17.49615,31.319998,34.889305
2023-09-29 00:00:00+00:00,16.922499,12.9725,14.978749,42722.965,69.1,69.1,0.0,19.0,25.476198,43.199997,36.54784
2023-09-30 00:00:00+00:00,21.4725,12.7725,15.964169,42561.895,1.8000001,1.8000001,0.0,6.0,20.380579,35.28,9.083869
2023-10-01 00:00:00+00:00,24.822498,13.9225,18.30375,42401.363,0.0,0.0,0.0,0.0,18.72346,32.760002,356.83453
2023-10-02 00:00:00+00:00,25.172499,15.5725,19.885,42241.47,0.0,0.0,0.0,0.0,16.039202,29.16,3.2254796
2023-10-03 00:00:00+00:00,27.172499,12.8725,18.714165,42082.31,0.0,0.0,0.0,0.0,8.473393,15.119999,239.78035
2023-10-04 00:00:00+00:00,27.572498,14.6225,20.078749,41923.992,0.0,0.0,0.0,0.0,12.57426,23.039999,217.35966
2023-10-05 00:00:00+00:00,23.822498,12.8225,17.532915,41766.41,0.0,0.0,0.0,0.0,17.429354,32.039997,166.46634
2023-10-06 00:00:00+00:00,22.2225,17.322498,19.434998,41608.418,1.5000001,1.5000001,0.0,8.0,15.021105,28.8,121.82504
2023-10-07 00:00:00+00:00,20.422499,14.1725,17.989164,41449.914,61.500004,61.500004,0.0,23.0,29.131096,48.6,34.867886
2023-10-08 00:00:00+00:00,16.672499,9.1725,12.7579155,41291.01,0.0,0.0,0.0,0.0,24.482647,43.92,262.8584
2023-10-09 00:00:00+00:00,15.4225,7.0725,11.387084,41131.816,0.1,0.1,0.0,1.0,23.893261,41.760002,244.20848
2023-10-10 00:00:00+00:00,17.7725,7.6225,12.7579155,40972.445,0.0,0.0,0.0,0.0,19.694992,35.28,235.61151
2023-10-11 00:00:00+00:00,20.4725,7.9224997,13.982917,40813.02,0.0,0.0,0.0,0.0,14.182355,26.64,249.88159
2023-10-12 00:00:00+00:00,20.822498,6.9725,13.455834,40653.637,0.0,0.0,0.0,0.0,10.966713,20.16,298.83975
2023-10-13 00:00:00+00:00,17.422499,8.5225,12.878749,40494.43,0.0,0.0,0.0,0.0,14.003029,28.08,331.05075
2023-10-14 00:00:00+00:00,12.1725,9.1725,10.505833,40335.5,13.099999,13.099999,0.0,9.0,16.704155,28.08,9.520674
2023-10-15 00:00:00+00:00,16.422499,9.5225,11.80375,40176.977,3.1999998,3.1999998,0.0,8.0,24.798225,43.199997,347.835
2023-10-16 00:00:00+00:00,17.4725,6.8225,11.159999,40018.98,0.2,0.2,0.0,1.0,19.914215,39.6,305.868
2023-10-17 00:00:00+00:00,16.6225,7.9725,12.178749,39861.62,0.6,0.6,0.0,5.0,14.512064,23.4,344.5747
2023-10-18 00:00:00+00:00,17.0225,6.6225,11.599583,39705.035,0.3,0.3,0.0,2.0,7.754637,15.84,326.3099
2023-10-19 00:00:00+00:00,17.822498,6.9725,12.26625,39549.344,0.0,0.0,0.0,0.0,19.586119,34.2,195.94548
2023-10-20 00:00:00+00:00,17.072498,12.5725,14.857918,39394.67,24.999998,24.999998,0.0,16.0,25.721743,47.88,168.57828
2023-10-21 00:00:00+00:00,17.5225,13.7225,14.570415,39241.152,8.1,8.1,0.0,11.0,25.6233,46.079998,306.9944
2023-10-22 00:00:00+00:00,13.7725,9.4725,11.855835,39088.918,0.0,0.0,0.0,0.0,27.497026,47.16,283.05652
2023-10-23 00:00:00+00:00,15.8725,7.5225,10.599584,38938.1,0.0,0.0,0.0,0.0,24.57511,41.039997,314.4852
2023-10-24 00:00:00+00:00,17.5225,4.0725,9.841249,38788.84,0.0,0.0,0.0,0.0,11.901798,24.119999,293.3556
2023-10-25 00:00:00+00:00,21.822498,7.5225,13.291249,38641.043,0.0,0.0,0.0,0.0,14.693999,28.8,220.7635
2023-10-26 00:00:00+00:00,25.7225,9.1225,16.678751,38493.44,0.0,0.0,0.0,0.0,14.386494,22.319998,232.89096
2023-10-27 00:00:00+00:00,24.422499,12.2225,17.095417,38345.92,0.0,0.0,0.0,0.0,13.896187,23.4,236.46129
2023-10-28 00:00:00+00:00,26.822498,16.072498,20.191248,38198.633,0.0,0.0,0.0,0.0,18.709612,32.039997,261.89975
2023-10-29 00:00:00+00:00,20.6225,11.2725,13.799586,38051.695,6.3,6.3,0.0,6.0,19.201874,34.2,18.81197
2023-10-30 00:00:00+00:00,18.922499,10.4225,13.7058325,37905.26,2.6,2.6,0.0,10.0,25.02971,41.399998,338.76703
2023-10-31 00:00:00+00:00,11.5725,6.4725,9.332917,37759.46,0.0,0.0,0.0,0.0,22.97522,37.44,345.0685
2023-11-01 00:00:00+00:00,9.5225,4.8225,7.2058334,37614.445,3.7000003,3.7000003,0.0,14.0,23.277834,41.760002,339.5967
2023-11-02 00:00:00+00:00,9.4725,-0.47750002,4.1766667,37470.35,0.0,0.0,0.0,0.0,15.530151,25.919998,295.4633
2023-11-03 00:00:00+00:00,12.9225,0.072500005,5.7745833,37327.336,0.0,0.0,0.0,0.0,17.727943,32.399998,211.96828
2023-11-04 00:00:00+00:00,14.7725,3.4225001,8.203751,37185.555,0.0,0.0,0.0,0.0,12.57426,19.8,216.1872
2023-11-05 00:00:00+00:00,16.822498,4.2725,9.978751,37045.15,0.0,0.0,0.0,0.0,14.84318,24.48,308.86395
2023-11-06 00:00:00+00:00,11.8725,3.7225,7.857918,36906.29,0.1,0.1,0.0,1.0,12.9249525,23.4,9.334892
2023-11-07 00:00:00+00:00,20.072498,7.2725,13.099584,36769.125,5.7,5.7,0.0,5.0,20.316889,36.0,220.6594
2023-11-08 00:00:00+00:00,14.5225,4.5725,8.562085,36633.83,0.0,0.0,0.0,0.0,19.33639,32.760002,328.60803
2023-11-09 00:00:00+00:00,15.0725,2.5225,8.40375,36500.566,0.4,0.4,0.0,2.0,11.966953,22.319998,154.6285
2023-11-10 00:00:00+00:00,10.5725,5.8225,8.370416,36369.508,0.3,0.3,0.0,3.0,16.263872,26.64,266.3087
2023-11-11 00:00:00+00:00,12.0225,3.7725,7.1912503,36240.83,0.0,0.0,0.0,0.0,18.089775,33.12,299.169
2023-11-12 00:00:00+00:00,6.9225,-0.3775,3.4704168,36114.703,0.0,0.0,0.0,0.0,13.32,25.56,8.117425
2023-11-13 00:00:00+00:00,8.7225,-2.3274999,2.4454167,35991.312,0.0,0.0,0.0,0.0,13.627795,24.84,328.48306
2023-11-14 00:00:00+00:00,10.9725,1.6225001,5.8641667,35870.61,0.0,0.0,0.0,0.0,27.852928,47.16,310.6821
2023-11-15 00:00:00+00:00,10.6225,-1.3275,4.2141666,35751.336,0.0,0.0,0.0,0.0,14.689589,26.64,293.87524
2023-11-16 00:00:00+00:00,17.6225,1.6725,8.435,35633.4,0.0,0.0,0.0,0.0,12.10157,19.8,229.79524
2023-11-17 00:00:00+00:00,19.322498,4.1225,10.285,35516.95,0.0,0.0,0.0,0.0,18.532133,31.68,210.63597
2023-11-18 00:00:00+00:00,14.4725,6.0225,11.439166,35402.125,1.2,1.2,0.0,7.0,25.872456,45.36,309.6406
2023-11-19 00:00:00+00:00,12.2225,0.8725,5.4995837,35289.062,0.0,0.0,0.0,0.0,20.945072,36.0,269.35715
2023-11-20 00:00:00+00:00,6.9225,-1.1274999,3.7391665,35177.926,0.0,0.0,0.0,0.0,18.681883,30.599998,344.51865
2023-11-21 00:00:00+00:00,7.8725004,-1.4775,2.7120836,35068.86,2.1,2.1,0.0,4.0,24.962307,41.039997,72.49492
2023-11-22 00:00:00+00:00,14.2225,6.4725,10.780833,34962.023,30.5,30.5,0.0,12.0,38.3176,66.6,102.1969
2023-11-23 00:00:00+00:00,10.9725,4.9725,8.272501,34857.56,0.0,0.0,0.0,0.0,20.883102,35.64,304.2138
2023-11-24 00:00:00+00:00,9.6225,2.1225,5.730833,34755.637,0.0,0.0,0.0,0.0,19.386591,32.760002,304.11246
2023-11-25 00:00:00+00:00,4.0225,-3.2775,0.43500003,34656.414,0.0,0.0,0.0,0.0,22.702845,37.079998,336.1169
2023-11-26 00:00:00+00:00,9.9725,-2.7775,2.364167,34560.05,1.0,1.0,0.0,3.0,20.808498,35.28,99.427216
2023-11-27 00:00:00+00:00,12.5725,4.1225,8.405833,34466.71,8.9,8.9,0.0,8.0,37.56613,63.36,232.17426
2023-11-28 00:00:00+00:00,3.9724998,-2.0275,1.3745834,34376.566,0.1,0.0,0.07,1.0,28.948118,48.96,279.35043
2023-11-29 00:00:00+00:00,2.3725,-4.5775,-1.2712501,34289.773,0.0,0.0,0.0,0.0,20.957443,34.56,260.71594
2023-11-30 00:00:00+00:00,9.4225,-2.8274999,1.5725001,34206.508,0.0,0.0,0.0,0.0,17.555307,31.319998,228.20795
2023-12-01 00:00:00+00:00,7.6225,-0.4275,4.5204163,34126.94,1.6,1.6,0.0,4.0,16.434305,26.28,213.61313
2023-12-02 00:00:00+00:00,15.972501,4.1725,8.607918,34051.24,3.8,3.8,0.0,4.0,16.279802,28.44,228.2876
2023-12-03 00:00:00+00:00,9.9225,5.5225,8.06,33979.574,15.600001,15.600001,0.0,18.0,19.134262,31.68,67.53257
2023-12-04 00:00:00+00:00,10.6725,4.6725,7.5683346,33911.96,0.6,0.6,0.0,4.0,21.03152,36.719997,265.75247
2023-12-05 00:00:00+00:00,6.4225,1.3225,4.1433334,33847.574,0.0,0.0,0.0,0.0,17.294992,27.72,299.0617
2023-12-06 00:00:00+00:00,4.8225,-2.3775,1.5579165,33786.348,0.1,0.1,0.0,1.0,22.322903,38.16,343.54385
2023-12-07 00:00:00+00:00,3.2725,-3.5275,0.066250004,33728.35,0.0,0.0,0.0,0.0,17.462782,30.599998,269.99997
2023-12-08 00:00:00+00:00,8.9225,-2.1775,2.1975,33673.65,0.0,0.0,0.0,0.0,11.013882,21.96,236.66391
2023-12-09 00:00:00+00:00,13.2725,0.92249995,6.01625,33622.324,0.0,0.0,0.0,0.0,10.948973,21.24,189.81921
2023-12-10 00:00:00+00:00,16.7725,4.8225,10.193334,33574.453,16.300001,16.300001,0.0,8.0,22.81957,42.48,191.63963
2023-12-11 00:00:00+00:00,15.2225,3.5225,7.710001,33530.098,38.699997,38.699997,0.0,16.0,35.09769,59.399998,304.51898
2023-12-12 00:00:00+00:00,6.0225,-2.4775,2.0079167,33489.34,0.0,0.0,0.0,0.0,19.855558,34.92,255.47327
2023-12-13 00:00:00+00:00,7.2725,-0.17750001,3.1120834,33452.242,0.0,0.0,0.0,0.0,18.175545,30.239998,256.96262
2023-12-14 00:00:00+00:00,4.4225,-3.4275,0.37249997,33418.88,0.0,0.0,0.0,0.0,13.1041975,25.56,288.0168
2023-12-15 00:00:00+00:00,12.2725,-0.77750003,3.4308336,33389.316,0.0,0.0,0.0,0.0,16.641972,29.519999,244.56075
2023-12-16 00:00:00+00:00,11.3225,2.7225,5.8787503,33363.617,0.0,0.0,0.0,0.0,12.599999,24.48,339.19617
2023-12-17 00:00:00+00:00,11.9725,4.3725,8.059999,33341.848,10.8,10.8,0.0,7.0,22.148045,39.239998,88.10825
2023-12-18 00:00:00+00:00,15.3725,8.0225,12.239165,33324.07,84.9,84.9,0.0,20.0,53.517845,93.96,161.37393
2023-12-19 00:00:00+00:00,7.1725,1.1725,3.8662498,33310.355,0.0,0.0,0.0,0.0,24.014996,41.760002,275.32092
2023-12-20 00:00:00+00:00,7.3725,-3.8775,0.6079168,33300.75,0.0,0.0,0.0,0.0,17.581125,28.8,316.16684
2023-12-21 00:00:00+00:00,4.1725,-1.0775,1.464167,33295.316,0.0,0.0,0.0,0.0,20.892412,36.719997,350.8243
2023-12-22 00:00:00+00:00,2.4725,-5.7775,-2.4816668,33294.113,0.0,0.0,0.0,0.0,18.345877,29.16,7.755097
2023-12-23 00:00:00+00:00,5.7725,-3.5774999,0.051666677,33297.188,0.0,0.0,0.0,0.0,9.686609,16.199999,53.806717
2023-12-24 00:00:00+00:00,8.5225,0.5725,3.735,33304.605,0.5,0.5,0.0,2.0,7.754637,14.04,7.001167
2023-12-25 00:00:00+00:00,11.3725,1.0725,5.4558334,33316.414,0.0,0.0,0.0,0.0,8.647496,19.44,34.30982
2023-12-26 00:00:00+00:00,7.4725,2.7725,4.51625,33332.56,0.0,0.0,0.0,0.0,7.289444,15.84,44.635082
2023-12-27 00:00:00+00:00,8.8225,4.5725,6.162084,33352.953,2.9,2.9,0.0,10.0,11.681987,21.24,60.314194
2023-12-28 00:00:00+00:00,11.4725,7.3725,9.480834,33377.543,40.6,40.6,0.0,21.0,23.828083,44.28,36.461384
2023-12-29 00:00:00+00:00,13.1725,7.3725,9.530833,33406.24,2.2,2.2,0.0,7.0,18.1041,32.760002,259.0933
2023-12-30 00:00:00+00:00,8.5725,1.0725,5.714167,33438.957,0.0,0.0,0.0,0.0,26.6327,45.36,271.69495
2023-12-31 00:00:00+00:00,6.2725,-2.2275,2.8204167,33475.625,0.1,0.1,0.0,1.0,15.905319,27.72,283.09186
2024-01-01 00:00:00+00:00,7.4225,-0.027500004,3.5725,33516.156,0.0,0.0,0.0,0.0,11.384198,18.72,290.38147
2024-01-02 00:00:00+00:00,5.4725,-4.8275,0.0995835,33560.465,0.0,0.0,0.0,0.0,14.345898,23.4,325.36853
2024-01-03 00:00:00+00:00,7.4725,-2.5275,1.0204166,33608.47,0.0,0.0,0.0,0.0,14.4,26.64,271.40445
2024-01-04 00:00:00+00:00,6.5725,-0.8775,2.0516667,33660.082,0.0,0.0,0.0,0.0,26.867676,45.36,304.29343
2024-01-05 00:00:00+00:00,2.8725,-5.5775,-1.9129163,33715.223,0.0,0.0,0.0,0.0,24.567198,39.96,305.2972
2024-01-06 00:00:00+00:00,2.5225,-5.4275,-1.7295833,33773.793,3.7,0.70000005,2.1,4.0,19.191748,30.599998,71.23201
2024-01-07 00:00:00+00:00,2.2725,0.47249997,1.4433333,33835.71,14.600001,8.599999,4.2,18.0,29.088802,48.6,28.432892
2024-01-08 00:00:00+00:00,6.0725,-1.1775,1.5183334,33900.89,0.0,0.0,0.0,0.0,20.12461,37.079998,312.96448
2024-01-09 00:00:00+00:00,9.3225,-4.7775,0.7975001,33969.234,9.799999,9.799999,0.0,8.0,35.110615,57.96,110.839134
2024-01-10 00:00:00+00:00,13.5725,6.0225,9.94125,34040.664,49.899998,49.899998,0.0,9.0,57.29544,99.36,214.59236
2024-01-11 00:00:00+00:00,7.9224997,-0.17750001,4.4579167,34115.086,0.0,0.0,0.0,0.0,22.884789,39.6,251.43835
2024-01-12 00:00:00+00:00,7.9224997,-2.1775,3.489167,34192.414,0.0,0.0,0.0,0.0,18.947083,33.12,217.76022
2024-01-13 00:00:00+00:00,14.3725,4.0225,9.437083,34272.73,23.700003,23.700003,0.0,13.0,34.2,60.120003,187.82072
2024-01-14 00:00:00+00:00,6.0725,-2.2775,0.9391668,34356.926,0.5,0.10000001,0.28,3.0,36.376038,67.32,245.6401
2024-01-15 00:00:00+00:00,-1.0275,-6.0775,-3.6983328,34444.996,0.0,0.0,0.0,0.0,20.721119,38.16,254.88042
2024-01-16 00:00:00+00:00,-1.1274999,-4.3275,-2.8129168,34536.754,10.300001,4.2,4.2700005,22.0,23.233252,38.16,354.4684
2024-01-17 00:00:00+00:00,-2.3274999,-9.1775,-6.3649993,34632.04,0.0,0.0,0.0,0.0,23.828083,42.48,282.26474
2024-01-18 00:00:00+00:00,0.1725,-6.9775,-4.4587502,34730.656,0.3,0.0,0.28,3.0,19.386591,31.319998,240.72902
2024-01-19 00:00:00+00:00,-1.1274999,-3.2775,-2.2858334,34832.438,2.7,0.0,1.8900001,14.0,16.454008,29.519999,19.533115
2024-01-20 00:00:00+00:00,-3.5774999,-8.3775,-5.7983336,34937.215,0.0,0.0,0.0,0.0,26.161375,44.639996,306.758
2024-01-21 00:00:00+00:00,-1.3774999,-7.7275,-5.6275005,35044.805,0.0,0.0,0.0,0.0,23.565569,41.399998,309.62054
2024-01-22 00:00:00+00:00,3.3725,-7.1775,-3.2399998,35155.047,0.0,0.0,0.0,0.0,17.377226,30.239998,262.97794
2024-01-23 00:00:00+00:00,4.3225,-2.7275,0.5037501,35267.777,1.7,1.7,0.0,4.0,18.79255,30.239998,245.08727
2024-01-24 00:00:00+00:00,5.3225,-0.77750003,1.9975,35382.824,2.4000003,2.4000003,0.0,15.0,7.9526596,12.959999,92.94505
2024-01-25 00:00:00+00:00,11.1225,3.5225,7.8954163,35500.03,6.2999997,6.2999997,0.0,21.0,21.203358,34.92,245.5769
2024-01-26 00:00:00+00:00,8.1225,5.1725,6.672499,35619.23,4.7,4.7,0.0,14.0,15.683776,26.64,56.060677
2024-01-27 00:00:00+00:00,8.3225,2.5225,4.9725003,35740.28,0.0,0.0,0.0,0.0,13.039754,25.199999,355.3742
2024-01-28 00:00:00+00:00,6.0225,2.3725,3.4954169,35863.02,20.800003,20.800003,0.0,19.0,28.772987,47.88,53.48958
2024-01-29 00:00:00+00:00,5.6225,1.6725,2.9120836,35987.293,1.2,1.2,0.0,10.0,27.595825,47.519997,352.25638
2024-01-30 00:00:00+00:00,4.0725,-4.1775002,0.12666668,36112.96,0.0,0.0,0.0,0.0,12.10157,23.4,15.422216
2024-01-31 00:00:00+00:00,4.2225,0.82249993,2.16,36239.875,0.2,0.2,0.0,2.0,12.096214,22.68,127.1413
2024-02-01 00:00:00+00:00,8.7725,-3.6275,1.36,36367.89,0.0,0.0,0.0,0.0,19.803272,35.64,239.92734
2024-02-02 00:00:00+00:00,5.7725,3.0725,3.857916,36497.105,6.9,6.9,0.0,17.0,22.608458,38.519997,339.48438
2024-02-03 00:00:00+00:00,5.7725,-3.3775,1.3141667,36628.824,0.0,0.0,0.0,0.0,24.187069,39.239998,1.7197508
2024-02-04 00:00:00+00:00,7.2725,-3.9775,0.635,36763.09,0.0,0.0,0.0,0.0,14.77755,24.84,351.16345
2024-02-05 00:00:00+00:00,6.8225,-3.4775,0.7141668,36899.734,0.0,0.0,0.0,0.0,23.313995,36.719997,0.66130376
2024-02-06 00:00:00+00:00,5.4225,-5.1275,-0.44000027,37038.57,0.0,0.0,0.0,0.0,28.202042,45.0,9.398126
2024-02-07 00:00:00+00:00,7.9224997,-3.9275,0.9933333,37179.44,0.0,0.0,0.0,0.0,12.7279215,23.039999,4.488054
2024-02-08 00:00:00+00:00,9.7725,-3.9775,1.6620835,37322.168,0.0,0.0,0.0,0.0,10.464797,19.08,59.647457
2024-02-09 00:00:00+00:00,11.1225,0.72249997,4.8808336,37466.58,0.0,0.0,0.0,0.0,14.917212,29.519999,171.46005
2024-02-10 00:00:00+00:00,15.6225,1.5725,7.0537496,37612.523,0.0,0.0,0.0,0.0,16.595179,29.88,229.4709
2024-02-11 00:00:00+00:00,10.2225,3.3725,7.2620845,37759.836,0.1,0.1,0.0,1.0,15.629971,27.72,306.94266
2024-02-12 00:00:00+00:00,8.9225,-1.9775,3.9829166,37908.36,0.0,0.0,0.0,0.0,11.298495,19.44,329.0363
2024-02-13 00:00:00+00:00,4.8725,-1.0275,1.45375,38057.94,27.799997,0.49999994,19.11,15.0,25.620771,42.12,9.303159
2024-02-14 00:00:00+00:00,0.6225,-4.5275,-1.7170831,38208.434,0.0,0.0,0.0,0.0,25.683926,44.28,294.28427
2024-02-15 00:00:00+00:00,2.6225,-5.6275,-1.7191666,38359.688,0.0,0.0,0.0,0.0,22.26768,36.36,282.12228
2024-02-16 00:00:00+00:00,4.8225,-2.2275,1.3120834,38511.562,0.2,0.0,0.14,1.0,31.205997,54.0,280.07834
2024-02-17 00:00:00+00:00,1.9725001,-2.3274999,-0.81500006,38663.914,5.9,0.099999994,4.0599995,14.0,21.734581,38.519997,322.52368
2024-02-18 00:00:00+00:00,4.7225,-6.5275,-2.4858334,38816.598,0.0,0.0,0.0,0.0,29.363731,50.039997,244.76312
2024-02-19 00:00:00+00:00,3.8725,-4.2775,-0.4316667,38969.484,0.0,0.0,0.0,0.0,20.808498,40.32,295.0926
2024-02-20 00:00:00+00:00,2.1225,-6.6775,-2.6420834,39122.43,0.0,0.0,0.0,0.0,13.358861,21.24,23.684696
2024-02-21 00:00:00+00:00,4.3225,-5.7775,-1.6254163,39275.312,0.0,0.0,0.0,0.0,15.021105,28.08,102.582954
2024-02-22 00:00:00+00:00,6.5725,-5.3275,-0.13583319,39428.23,0.0,0.0,0.0,0.0,19.826164,35.64,154.17905
2024-02-23 00:00:00+00:00,7.9725,1.1225001,4.1225,39582.484,3.3999999,3.3999999,0.0,13.0,16.039202,25.56,355.9999
2024-02-24 00:00:00+00:00,5.3225,0.5225,2.9495838,39738.18,0.0,0.0,0.0,0.0,21.437386,39.96,326.48254
2024-02-25 00:00:00+00:00,3.8225002,-7.5775,-2.5254161,39895.184,0.0,0.0,0.0,0.0,17.786331,29.88,307.82266
2024-02-26 00:00:00+00:00,11.2225,-2.3775,2.3933332,40053.355,2.8999999,0.5,1.68,2.0,13.493999,27.0,199.85974
2024-02-27 00:00:00+00:00,13.6725,-0.2775,6.2704167,40212.566,0.0,0.0,0.0,0.0,24.216522,39.6,146.87106
2024-02-28 00:00:00+00:00,16.922499,9.5225,12.932915,40372.695,15.5,15.5,0.0,19.0,26.6327,46.079998,190.11272
2024-02-29 00:00:00+00:00,14.8225,-3.0275,3.157917,40533.61,4.1,4.1,0.0,5.0,34.152596,62.639996,287.0206
2024-03-01 00:00:00+00:00,5.6725,-4.6275,0.04541686,40695.19,0.0,0.0,0.0,0.0,20.275385,36.719997,215.48907
2024-03-02 00:00:00+00:00,9.9225,1.5725,5.26625,40857.312,27.099997,27.099997,0.0,15.0,26.476522,46.44,120.79549
2024-03-03 00:00:00+00:00,18.4725,5.6725,11.093334,41019.855,1.0,1.0,0.0,1.0,19.242327,36.719997,309.3561
2024-03-04 00:00:00+00:00,14.1225,3.4725,8.907916,41182.7,0.0,0.0,0.0,0.0,21.767351,39.6,84.74083
2024-03-05 00:00:00+00:00,8.1725,3.6725001,5.8974996,41345.727,20.300001,20.300001,0.0,15.0,20.111729,40.68,62.22715
2024-03-06 00:00:00+00:00,9.5725,3.4225001,6.880834,41508.82,14.6,14.6,0.0,6.0,19.734436,30.960001,171.76443
2024-03-07 00:00:00+00:00,12.4225,7.2725,9.451667,41671.863,22.1,22.1,0.0,13.0,28.019936,47.88,10.045
2024-03-08 00:00:00+00:00,12.1725,0.5725,6.318333,41834.746,0.0,0.0,0.0,0.0,24.130743,39.239998,16.467112
2024-03-09 00:00:00+00:00,6.0225,3.5225,4.6079164,41997.348,6.2000003,6.2000003,0.0,7.0,27.70831,44.639996,126.02749
2024-03-10 00:00:00+00:00,10.6225,5.4725,7.7058334,42159.56,43.399998,43.399998,0.0,13.0,33.48774,60.839996,283.5327
2024-03-11 00:00:00+00:00,9.8725,0.7725,4.3329167,42321.266,0.0,0.0,0.0,0.0,45.9448,76.67999,296.86972
2024-03-12 00:00:00+00:00,17.322498,2.3225,8.653749,42482.348,0.0,0.0,0.0,0.0,22.206486,38.16,278.75006
2024-03-13 00:00:00+00:00,15.1725,2.2225,8.520417,42642.92,0.0,0.0,0.0,0.0,14.982228,29.519999,129.3226
2024-03-14 00:00:00+00:00,21.0225,3.7725,11.120418,42804.16,0.0,0.0,0.0,0.0,15.807239,27.359999,241.65794
2024-03-15 00:00:00+00:00,21.422499,9.0725,14.6745825,42966.18,0.8,0.8,0.0,1.0,24.144165,46.079998,271.70468
2024-03-16 00:00:00+00:00,14.1225,4.5725,9.339167,43128.875,0.1,0.1,0.0,1.0,20.696085,38.16,296.38135
2024-03-17 00:00:00+00:00,15.5725,7.0225,10.687084,43292.145,0.4,0.4,0.0,2.0,28.802248,51.48,246.51689
2024-03-18 00:00:00+00:00,9.2725,4.0225,7.2433343,43455.887,0.0,0.0,0.0,0.0,20.61766,37.44,305.3499
2024-03-19 00:00:00+00:00,7.2725,0.022499993,3.3975003,43619.992,0.0,0.0,0.0,0.0,27.783045,49.32,287.2007
2024-03-20 00:00:00+00:00,11.7225,0.92249995,5.6558337,43784.367,3.3,3.1,0.14,7.0,30.737339,53.28,243.66237
2024-03-21 00:00:00+00:00,6.2725,-3.8775,1.1995834,43948.902,0.0,0.0,0.0,0.0,30.282827,53.639996,296.49225
2024-03-22 00:00:00+00:00,5.4225,-5.4275,0.059999872,44113.504,0.0,0.0,0.0,0.0,18.919704,35.28,282.7867
2024-03-23 00:00:00+00:00,9.7725,2.8225,5.6454167,44278.062,63.6,63.6,0.0,15.0,33.041645,62.279995,42.916115
2024-03-24 00:00:00+00:00,8.3725,-2.6275,2.4579167,44442.48,0.0,0.0,0.0,0.0,33.53415,55.079998,352.26904
2024-03-25 00:00:00+00:00,9.9725,-1.7275,3.439167,44606.652,0.0,0.0,0.0,0.0,22.065973,40.68,42.49255
2024-03-26 00:00:00+00:00,9.7225,-0.1275,5.0662503,44770.477,0.0,0.0,0.0,0.0,18.847641,36.719997,46.15879
2024-03-27 00:00:00+00:00,10.6725,4.5725,6.9475,44933.844,0.6,0.6,0.0,1.0,11.177405,20.519999,59.78283
2024-03-28 00:00:00+00:00,10.4725,7.0225,8.437083,45096.656,19.5,19.5,0.0,20.0,18.416384,33.839996,352.028
2024-03-29 00:00:00+00:00,12.4225,3.7225,7.5308337,45258.8,2.3999999,2.3999999,0.0,6.0,34.488674,59.039997,318.5262
2024-03-30 00:00:00+00:00,14.3725,2.1725001,7.039166,45420.17,0.0,0.0,0.0,0.0,24.26998,42.12,286.05145
2024-03-31 00:00:00+00:00,16.0225,4.2725,10.4558325,45580.66,0.3,0.3,0.0,2.0,20.291357,39.96,293.53424
2024-04-01 00:00:00+00:00,12.3725,5.2725,8.230832,45740.16,3.3,3.3,0.0,8.0,13.246826,24.48,14.450335
2024-04-02 00:00:00+00:00,9.5725,5.9725,7.539167,45898.76,17.999998,17.999998,0.0,14.0,20.730501,36.36,72.625206
2024-04-03 00:00:00+00:00,6.6225,4.8225,5.7704163,46057.574,22.8,22.8,0.0,18.0,37.581657,62.639996,76.56899
2024-04-04 00:00:00+00:00,8.9725,2.8225,5.4704165,46216.707,12.3,12.3,0.0,10.0,39.76656,66.24,11.692633
2024-04-05 00:00:00+00:00,9.3225,1.4225,5.2475,46376.062,0.6,0.6,0.0,2.0,28.503725,50.039997,305.3739
2024-04-06 00:00:00+00:00,11.2725,2.8725,6.412084,46535.54,0.2,0.2,0.0,2.0,27.943512,50.039997,325.01907
2024-04-07 00:00:00+00:00,14.0725,1.3225,6.9412494,46695.027,0.1,0.1,0.0,1.0,24.1388,42.48,353.11426
2024-04-08 00:00:00+00:00,17.822498,0.6225,8.195416,46854.44,0.9,0.9,0.0,2.0,14.154915,25.56,268.25546
2024-04-09 00:00:00+00:00,23.7725,4.6725,13.074582,47013.664,0.1,0.1,0.0,1.0,18.228943,29.519999,248.72205
2024-04-10 00:00:00+00:00,15.7225,8.0225,12.384999,47172.594,0.6,0.6,0.0,2.0,16.563911,31.68,135.12596
2024-04-11 00:00:00+00:00,16.922499,9.0725,11.7975,47331.13,4.2,4.2,0.0,8.0,28.220417,44.639996,115.71815
2024-04-12 00:00:00+00:00,19.3725,12.9225,15.401666,47489.145,17.2,17.2,0.0,16.0,39.04797,75.24,184.74583
2024-04-13 00:00:00+00:00,13.7225,7.4725,10.018333,47646.55,2.0,2.0,0.0,8.0,35.33506,56.88,259.35226
2024-04-14 00:00:00+00:00,21.9725,5.7225,12.712085,47803.22,0.8,0.8,0.0,1.0,23.770906,44.639996,250.37898
2024-04-15 00:00:00+00:00,24.5225,10.1725,18.084997,47959.047,0.1,0.1,0.0,1.0,24.64094,41.760002,265.95102
2024-04-16 00:00:00+00:00,20.322498,6.7225,14.382918,48113.906,0.0,0.0,0.0,0.0,22.530937,37.44,324.7333
2024-04-17 00:00:00+00:00,17.4725,7.2225,11.312083,48267.684,1.2,1.2,0.0,3.0,18.440998,34.92,90.90937
2024-04-18 00:00:00+00:00,9.9225,8.0725,8.732916,48420.258,7.9999986,7.9999986,0.0,17.0,24.967497,44.639996,58.250137
2024-04-19 00:00:00+00:00,12.9725,3.8225002,8.089168,48571.5,0.0,0.0,0.0,0.0,20.3774,38.519997,106.59924
2024-04-20 00:00:00+00:00,19.922499,8.1725,12.27875,48721.293,2.3,2.3,0.0,6.0,28.802248,50.399998,242.0234
2024-04-21 00:00:00+00:00,13.5725,1.8725,8.087084,48869.496,0.0,0.0,0.0,0.0,26.654589,43.199997,306.94608
2024-04-22 00:00:00+00:00,14.7725,1.8725,8.31,49016.184,0.0,0.0,0.0,0.0,16.992609,33.839996,310.81494
2024-04-23 00:00:00+00:00,14.5725,1.9225001,8.855834,49162.434,0.0,0.0,0.0,0.0,27.811018,49.32,179.05376
2024-04-24 00:00:00+00:00,21.172499,8.3725,12.639167,49308.344,1.6,1.6,0.0,1.0,31.981293,55.44,243.61717
2024-04-25 00:00:00+00:00,13.1225,2.9725,8.580834,49453.8,0.0,0.0,0.0,0.0,22.007162,35.64,27.645931
2024-04-26 00:00:00+00:00,14.3225,1.4725001,7.595417,49598.688,0.0,0.0,0.0,0.0,19.191748,34.92,152.8351
2024-04-27 00:00:00+00:00,14.2725,2.8225,8.424583,49742.902,0.0,0.0,0.0,0.0,27.103,47.88,177.56496
2024-04-28 00:00:00+00:00,22.572498,8.5725,13.666251,49886.316,0.3,0.3,0.0,1.0,16.311613,32.760002,181.55074
2024-04-29 00:00:00+00:00,28.072498,13.6225,20.101665,50028.82,4.0,4.0,0.0,6.0,13.53236,28.08,259.73486
2024-04-30 00:00:00+00:00,22.672499,11.4225,15.620415,50170.29,0.0,0.0,0.0,0.0,15.484185,28.8,89.54649
2024-05-01 00:00:00+00:00,24.5225,10.3225,15.416249,50310.6,3.7,3.7,0.0,6.0,19.829433,38.519997,96.102684
2024-05-02 00:00:00+00:00,27.572498,10.0225,16.612082,50449.63,0.0,0.0,0.0,0.0,19.586119,34.2,179.99998
2024-05-03 00:00:00+00:00,22.1225,10.4225,14.989167,50587.242,0.0,0.0,0.0,0.0,22.66857,38.519997,73.44999
2024-05-04 00:00:00+00:00,16.322498,7.6225,11.31625,50723.31,0.0,0.0,0.0,0.0,21.203358,39.96,127.225464
2024-05-05 00:00:00+00:00,11.8225,8.9225,10.185,50857.695,5.8999996,5.8999996,0.0,12.0,23.675303,40.68,126.016655
2024-05-06 00:00:00+00:00,22.422499,11.3725,15.64125,50990.27,3.4999998,3.4999998,0.0,8.0,11.609651,23.039999,198.71178
2024-05-07 00:00:00+00:00,25.8725,11.9725,18.743334,51120.875,0.0,0.0,0.0,0.0,14.417988,27.359999,334.92712
2024-05-08 00:00:00+00:00,30.6225,15.7225,21.9225,51249.387,0.0,0.0,0.0,0.0,26.576681,46.44,236.25888
