cant_registros,costo_total,costo_promedio,duracion_promedio,distancia_promedio,dia,barrio_abordaje,barrio_destino,codigo_postal_abordaje,codigo_postal_destino
7060,413622.62999999995,58.5867747875354,30.510481586402268,15.73448441926346,2022-05-01,Queens,Bronx,11413,10459
12443,438509.7200000003,35.24147874306842,25.60893675158724,8.405665836213133,2022-05-01,Manhattan,Bronx,10044,10456
2374,112741.58,47.490134793597306,28.144903117101936,10.102472620050554,2023-07-01,Brooklyn,Queens,11237,11363
385,24805.859999999982,64.43080519480516,34.064935064935064,13.408103896103896,2023-06-01,Bronx,Brooklyn,10475,11249
3040,147545.84,48.53481578947368,29.38881578947369,9.345023026315788,2023-09-01,Brooklyn,Queens,11208,11412
57,5061.099999999999,88.79122807017539,36.91228070175438,7.387192982456141,2023-07-01,Staten Island,Manhattan,10310,10065
35,2694.6600000000003,76.99028571428573,28.914285714285715,17.775428571428574,2022-02-01,Staten Island,Queens,10313,11418
9255,387559.7,41.87571042679632,26.615775256618043,5.416531604538087,2023-09-01,Brooklyn,Manhattan,11223,10004
3196,157868.78,49.39573842302879,29.54349186483104,10.127825406758452,2023-05-01,Brooklyn,Queens,11213,11365
8148,323678.85,39.72494477172312,25.371379479626903,6.0885260186548855,2023-07-01,Brooklyn,Manhattan,11236,10110
349,17438.69999999999,49.96762177650427,30.610315186246417,9.515873925501428,2023-02-01,Bronx,Queens,10473,11001
62,4808.6100000000015,77.55822580645163,32.70967741935484,12.361290322580649,2022-02-01,Staten Island,Manhattan,10310,10041
273,17494.0,64.08058608058609,36.17948717948718,9.478754578754575,2022-01-01,Bronx,Brooklyn,10466,11220
8946,422110.82999999984,47.1843091884641,26.67750950145316,8.590364408674265,2023-12-01,Manhattan,Bronx,10080,10462
5567,441487.0899999999,79.30430932279502,30.31650799353332,15.57063409376684,2023-12-01,Queens,Bronx,11359,10462
28,1702.4999999999998,60.80357142857142,34.42857142857143,15.518571428571429,2023-05-01,Staten Island,Brooklyn,10313,11222
47,3675.54,78.20297872340426,31.638297872340427,9.23170212765957,2022-10-01,Staten Island,Queens,10312,11371
86,7705.110000000008,89.59430232558147,29.093023255813957,16.029069767441865,2023-05-01,Staten Island,Manhattan,10303,10169
23,1960.83,85.25347826086956,37.34782608695652,17.94086956521739,2022-08-01,Staten Island,Queens,10301,11367
32537,1577454.259999997,48.48185942158149,30.128131050803695,13.785282601346166,2022-01-01,Queens,Brooklyn,11355,11244
354,17065.019999999993,48.20627118644066,29.435028248587567,9.03968926553672,2022-05-01,Bronx,Queens,10474,11418
2347,97871.82999999997,41.70082232637408,28.649765658287176,9.479118023008095,2022-08-01,Brooklyn,Queens,11203,11373
67,4154.120000000001,62.00179104477613,30.22388059701493,13.394626865671642,2023-06-01,Brooklyn,Staten Island,11241,10304
350,22926.189999999988,65.50339999999997,31.217142857142857,12.259628571428568,2023-09-01,Brooklyn,Bronx,11205,10456
67654,2056092.989999985,30.391299701421723,14.91843793419458,5.834061400656282,2022-11-01,Queens,Queens,11106,11351
43073,2126082.8799999934,49.35999071343982,33.08135026582778,13.88833724142734,2022-07-01,Queens,Brooklyn,11412,11256
407,32313.179999999986,79.39356265356263,36.36363636363637,16.3044226044226,2022-03-01,Manhattan,Staten Island,10111,10309
113830,5741024.0099999895,50.43506992884116,28.267512957919703,11.282561890538515,2022-11-01,Manhattan,Queens,10268,11429
441,52458.64,118.95383219954648,38.53061224489796,25.73965986394558,2023-04-01,Queens,Staten Island,11429,10306
78,6025.56,77.25076923076925,34.02564102564103,14.699230769230768,2022-08-01,Staten Island,Manhattan,10301,10017
21,1743.43,83.02047619047619,29.80952380952381,19.89047619047619,2023-04-01,Bronx,Staten Island,10453,10308
1430,45130.02000000002,31.55945454545456,27.22237762237762,5.142895104895105,2022-05-01,Bronx,Manhattan,10458,10081
10727,248494.03000000003,23.165286659830336,15.696000745781673,2.6434287312389304,2023-03-01,Brooklyn,Brooklyn,11217,11252
388,24163.34,62.27664948453607,31.711340206185568,12.016005154639172,2022-09-01,Bronx,Brooklyn,10470,11221
8146,389502.15,47.81514240117849,27.080162042720357,8.571492757181439,2023-11-01,Manhattan,Bronx,10002,10459
3242,162085.82000000004,49.995626156693405,29.53578038247995,9.589669956816785,2023-10-01,Brooklyn,Queens,11219,11106
8467,384895.53,45.45831227117042,26.70036612731782,8.40237510334239,2024-02-01,Manhattan,Bronx,10279,10472
242,26242.27,108.43913223140494,37.04958677685951,18.628016528925617,2024-02-01,Manhattan,Staten Island,10009,10313
88,5166.110000000004,58.7057954545455,31.863636363636363,15.401818181818184,2022-05-01,Brooklyn,Staten Island,11222,10305
271,33906.39999999999,125.11586715867152,36.98154981549816,26.141992619926203,2024-02-01,Queens,Staten Island,11358,10313
2665422,44242597.68999291,16.598721587048097,12.624597155722434,2.0109206234509966,2022-11-01,Manhattan,Manhattan,10276,10112
184066,11236452.760000072,61.045781187183245,31.817560005650147,14.392807960188197,2022-05-01,Queens,Manhattan,11001,10007
83310,2750867.8099999903,33.01965922458277,25.856295762813588,6.501926299363822,2022-05-01,Manhattan,Brooklyn,10169,11242
2104,54771.33000000001,26.032000950570342,16.3393536121673,2.4986882129277563,2023-01-01,Bronx,Bronx,10454,10456
559,28610.879999999983,51.1822540250447,31.49016100178891,11.356529516994632,2023-12-01,Bronx,Queens,10462,11413
5169,410041.4,79.32702650415939,30.99845231185916,15.76110079319017,2024-02-01,Queens,Bronx,11428,10453
2015,44334.27999999999,22.002124069478903,15.196526054590572,2.28749875930521,2022-04-01,Bronx,Bronx,10465,10455
6100,354983.1799999997,58.19396393442618,30.42754098360656,15.729547540983615,2022-04-01,Queens,Bronx,11351,10452
429,34149.90999999999,79.60351981351978,35.04195804195804,16.308927738927746,2022-04-01,Manhattan,Staten Island,10060,10306
82,4813.840000000001,58.70536585365855,15.292682926829269,1.6779268292682927,2022-09-01,Staten Island,Staten Island,10311,10301
9413,428327.58,45.50383299691916,24.80006374163391,8.366782109848083,2023-01-01,Manhattan,Bronx,10005,10461
381,34256.87999999999,89.91307086614171,36.01574803149607,25.58448818897637,2022-04-01,Queens,Staten Island,11435,10313
6051,475655.43999999977,78.60774086927776,30.066931085770943,15.888026772434303,2023-01-01,Queens,Bronx,11378,10472
543,64530.04999999998,118.83987108655612,37.07366482504604,25.387771639042345,2023-07-01,Queens,Staten Island,11109,10307
6,385.77,64.295,25.166666666666668,5.02,2023-10-01,Staten Island,Brooklyn,10309,11201
4826,277114.96999999986,57.42125362619143,29.67177786987153,15.546906340654782,2022-02-01,Queens,Bronx,11356,10464
231,20393.06,88.28164502164499,34.97835497835498,25.35103896103897,2022-02-01,Queens,Staten Island,11364,10306
272,20986.99,77.15805147058822,36.47794117647059,15.19400735294118,2022-02-01,Manhattan,Staten Island,10025,10306
106,5584.300000000004,52.682075471698155,33.37735849056604,12.169433962264144,2022-09-01,Brooklyn,Staten Island,11212,10308
31,2621.58,84.56709677419353,23.161290322580644,19.027419354838717,2023-05-01,Bronx,Staten Island,10455,10306
361,22653.81999999999,62.75296398891964,32.05263157894737,12.393462603878122,2022-09-01,Brooklyn,Bronx,11221,10471
636,31267.459999999992,49.16267295597483,30.863207547169807,11.085801886792447,2024-02-01,Bronx,Queens,10460,11381
12,541.44,45.12,21.58333333333333,5.4425,2023-09-01,Staten Island,Brooklyn,10305,11252
170167,10136699.02000004,59.56912339055186,31.71656666686255,14.110135513936308,2022-03-01,Queens,Manhattan,11379,10273
2208,48732.689999999995,22.07096467391304,14.953351449275363,2.295280797101449,2022-10-01,Bronx,Bronx,10469,10465
9,739.3,82.14444444444445,25.33333333333333,16.444444444444443,2022-10-01,Bronx,Staten Island,10451,10308
14,1214.35,86.73928571428571,21.071428571428573,21.36428571428571,2022-08-01,Bronx,Staten Island,10474,10313
75,4284.040000000001,57.12053333333335,32.0,15.695066666666666,2022-03-01,Brooklyn,Staten Island,11243,10309
44,3300.3500000000004,75.00795454545454,40.63636363636363,11.386363636363637,2023-02-01,Staten Island,Queens,10314,11102
492,44484.86,90.41638211382113,35.32113821138211,26.36745934959349,2022-08-01,Queens,Staten Island,11429,10302
330,16776.21999999999,50.83703030303028,29.81212121212121,9.24866666666666,2023-01-01,Bronx,Queens,10474,11367
94,3275.08,34.84127659574468,5.180851063829787,0.7626595744680849,2023-06-01,Staten Island,Staten Island,10302,10308
3107,115225.31000000004,37.085712906340525,30.141615706469263,7.371110395880269,2024-02-01,Bronx,Manhattan,10467,10027
52,4226.760000000001,81.28384615384617,25.07692307692308,26.61538461538462,2023-06-01,Staten Island,Bronx,10311,10454
1281,47250.42999999999,36.885581576893046,28.33567525370804,6.072630757220921,2023-01-01,Bronx,Manhattan,10470,10257
57460,2518990.2399999998,43.83902262443438,26.59227288548556,6.338860946745561,2024-02-01,Manhattan,Brooklyn,10033,11235
37030,2569343.81,69.38546610856062,32.064866324601674,13.542076694571971,2024-02-01,Queens,Brooklyn,11435,11222
69,6236.539999999997,90.38463768115936,32.89855072463768,14.744927536231884,2023-02-01,Staten Island,Manhattan,10307,10128
1460,46848.03999999998,32.08769863013697,27.71232876712329,5.327452054794521,2022-04-01,Bronx,Manhattan,10471,10103
85,5478.350000000003,64.45117647058827,35.023529411764706,13.680941176470586,2023-03-01,Staten Island,Brooklyn,10306,11205
81708,2694815.4799999897,32.98104812258273,25.68876976550644,6.429628677730454,2022-04-01,Manhattan,Brooklyn,10028,11244
236,25554.810000000005,108.283093220339,36.91525423728814,18.65283898305085,2024-01-01,Manhattan,Staten Island,10027,10310
42882,2137871.5499999947,49.85475374282903,32.293129984608925,13.85648733734434,2022-04-01,Queens,Brooklyn,11364,11228
339,42741.19000000002,126.08020648967556,39.15339233038348,26.58185840707964,2024-01-01,Queens,Staten Island,11367,10310
64207,2738761.400000001,42.65518401420408,25.052751257651035,6.369662030619716,2023-01-01,Manhattan,Brooklyn,10019,11210
42828,2916681.399999999,68.10220883534134,30.94529279910339,13.532850471654063,2023-01-01,Queens,Brooklyn,11416,11232
32817,1619034.9999999974,49.335253070055074,31.744675015997807,13.813268427948932,2022-02-01,Queens,Brooklyn,11451,11249
11146,226734.05,20.342190023326754,14.476673246007536,2.559325318499911,2022-09-01,Brooklyn,Brooklyn,11208,11220
2565,63050.920000000006,24.581255360623786,17.325536062378166,2.6526822612085774,2023-07-01,Bronx,Bronx,10470,10457
47,3753.51,79.86191489361703,24.04255319148936,21.69106382978724,2023-07-01,Bronx,Staten Island,10452,10310
2,89.20999999999998,44.605,38.5,15.739999999999998,2024-01-01,Staten Island,Queens,10304,11428
11619,463546.6200000002,39.89556932610382,25.224718134090715,8.538794216369737,2022-12-01,Manhattan,Bronx,10265,10473
5540,367265.07,66.29333393501805,29.90451263537906,15.416693140794225,2022-12-01,Queens,Bronx,11103,10475
3726,176290.48999999996,47.31360440150294,29.289049919484704,9.864946323134724,2023-12-01,Brooklyn,Queens,11222,11378
1837,37655.59,20.498415895481767,16.365269461077844,2.6505606967882422,2022-02-01,Bronx,Bronx,10469,10462
12864,454837.96000000025,35.35742848258708,26.059546019900495,8.387842039800992,2022-06-01,Manhattan,Bronx,10273,10461
429,21356.48000000001,49.782004662004695,32.743589743589745,8.972517482517484,2022-03-01,Bronx,Queens,10469,11436
6303,371190.8399999997,58.89113755354588,30.634301126447724,15.731207361573851,2022-06-01,Queens,Bronx,11101,10464
9611,386562.20000000007,40.22080948912705,26.13817500780356,6.180851108105294,2023-12-01,Brooklyn,Manhattan,11203,10213
502,26043.93,51.88033864541832,30.94422310756972,10.030717131474107,2023-11-01,Bronx,Queens,10472,11416
41,2636.9400000000005,64.31560975609757,36.073170731707314,15.655609756097562,2023-06-01,Staten Island,Brooklyn,10301,11205
77021,2338120.8799999817,30.356927071837312,14.992898040794069,5.779655158982616,2022-10-01,Queens,Queens,11419,11405
1536,50878.52999999999,33.12404296875,28.38671875,5.424342447916665,2022-03-01,Bronx,Manhattan,10468,10017
11922,414625.65000000026,34.77819577252141,25.582536487166585,8.416352960912597,2022-07-01,Manhattan,Bronx,10169,10452
135893,6824952.149999992,50.22298536348445,28.818460111999883,11.204035969475989,2022-10-01,Manhattan,Queens,10020,11429
2015,46237.02,22.946411910669973,13.586104218362284,2.3329875930521093,2022-08-01,Bronx,Bronx,10475,10469
2866001,62015509.750000075,21.6383419789456,12.519893747420186,1.9604105406802008,2023-05-01,Manhattan,Manhattan,10065,10112
203697,16509544.800000103,81.04952355704846,32.07295149167636,13.971503998586131,2023-05-01,Queens,Manhattan,11415,10277
164303,13265229.530000055,80.73638052865776,33.09329714004005,14.156454051356326,2023-08-01,Queens,Manhattan,11005,10261
294,35544.26999999997,120.89887755102028,35.785714285714285,25.902312925170065,2023-02-01,Queens,Staten Island,11101,10308
367,35734.40999999998,97.36896457765663,35.46049046321526,17.286512261580384,2023-02-01,Manhattan,Staten Island,10019,10309
3330,144204.27,43.30458558558559,28.2975975975976,9.558162162162168,2024-02-01,Brooklyn,Queens,11207,11355
3001566,49993670.659991086,16.655862526424905,12.651972003947272,2.0431383384539936,2022-10-01,Manhattan,Manhattan,10110,10154
42849,2141850.029999994,49.9859980396274,32.017806716609485,13.904396835398728,2022-03-01,Queens,Brooklyn,11372,11217
78741,2587538.629999991,32.861388984137754,25.826862752568548,6.4636834685868845,2022-03-01,Manhattan,Brooklyn,10001,11201
348,17860.799999999996,51.32413793103447,30.071839080459768,9.23149425287356,2022-12-01,Bronx,Queens,10474,11358
77,5124.400000000004,66.55064935064941,34.415584415584405,12.482857142857146,2022-06-01,Staten Island,Brooklyn,10308,11228
373,24020.349999999984,64.39772117962463,32.957104557640754,13.200857908847183,2023-04-01,Bronx,Brooklyn,10466,11256
104,5716.480000000003,54.96615384615388,31.028846153846157,13.740192307692304,2022-10-01,Brooklyn,Staten Island,11239,10314
2564268,40954512.58999324,15.971229446373483,11.383768389263524,2.057815524742342,2022-08-01,Manhattan,Manhattan,10265,10152
193305,11896089.620000098,61.540516903339785,32.40444892786012,14.573749049429669,2022-10-01,Queens,Manhattan,11104,10027
160306,9712840.490000019,60.589375881127474,33.182413633925115,14.600325440095816,2022-08-01,Queens,Manhattan,11373,10153
374,18586.12999999999,49.69553475935826,29.930481283422456,8.417005347593584,2022-06-01,Bronx,Queens,10472,11104
76194,2546046.5199999884,33.4153151166757,14.633619445100663,5.6913624432370025,2022-12-01,Queens,Queens,11354,11101
1579,74028.63999999998,46.883242558581365,27.60607979734009,8.965129829005702,2023-01-01,Brooklyn,Queens,11218,11405
9238,364668.8400000001,39.47486901926825,25.877570902792808,6.821270837843686,2024-02-01,Brooklyn,Manhattan,11228,10037
30,1834.08,61.136,29.266666666666666,14.557333333333332,2022-01-01,Staten Island,Brooklyn,10312,11209
12,850.25,70.85416666666667,34.25,4.873333333333333,2022-05-01,Staten Island,Queens,10309,11105
359,18032.27,50.22916434540389,29.50974930362117,8.94649025069638,2022-01-01,Bronx,Queens,10473,11378
1504,53160.73,35.34623005319148,28.269281914893615,5.9013829787234044,2022-12-01,Bronx,Manhattan,10464,10011
100,5637.660000000003,56.376600000000025,29.41,12.6864,2022-12-01,Brooklyn,Staten Island,11256,10303
384,24525.00999999998,63.867213541666615,32.2578125,13.321119791666671,2023-07-01,Bronx,Brooklyn,10452,11222
109,3413.5600000000013,31.317064220183497,1.9174311926605505,0.338348623853211,2023-04-01,Staten Island,Staten Island,10310,10302
2896727,63888381.65000019,22.05536857632776,13.15494590964216,1.8715079950578688,2023-10-01,Manhattan,Manhattan,10270,10044
413,25395.759999999984,61.49094430992732,34.71186440677966,11.682615012106542,2022-02-01,Bronx,Brooklyn,10464,11210
2590,63023.12000000001,24.33325096525097,15.292277992277992,2.4991660231660227,2024-01-01,Bronx,Bronx,10461,10456
12954,406451.51999999984,31.376526169522915,24.349621738459163,5.546751582522773,2022-04-01,Brooklyn,Manhattan,11228,10036
437,27320.739999999994,62.51885583524026,32.7116704805492,10.334691075514872,2022-04-01,Bronx,Brooklyn,10472,11204
178649,12169437.130000113,68.11925692279335,31.784784689530863,14.385286959344866,2022-12-01,Queens,Manhattan,11433,10112
72121,2657181.5399999926,36.843381816669115,26.05884555122641,6.620853981503305,2022-12-01,Manhattan,Brooklyn,10212,11239
97,8063.870000000006,83.1326804123712,29.27835051546392,11.532886597938145,2022-05-01,Staten Island,Manhattan,10312,10024
6450,257127.42999999996,39.86471782945736,24.228217054263567,5.944345736434105,2023-01-01,Brooklyn,Manhattan,11201,10211
200148,16478080.950000076,82.32948093410914,32.84042808321842,14.030290884745284,2023-10-01,Queens,Manhattan,11102,10256
77,4411.970000000003,57.29831168831173,34.051948051948045,11.29857142857143,2022-09-01,Staten Island,Brooklyn,10310,11241
71081,2892741.7800000003,40.696413668912925,17.325684782149942,6.221600990419384,2023-09-01,Queens,Queens,11379,11381
6234,494080.8600000001,79.25583253128009,30.510266281681105,15.95509624639076,2024-01-01,Queens,Bronx,11357,10455
68,2066.72,30.392941176470583,2.838235294117647,0.4974999999999998,2023-07-01,Staten Island,Staten Island,10304,10308
5,499.80000000000007,99.96,33.2,20.428,2023-12-01,Staten Island,Queens,10308,11439
42,3542.2,84.33809523809522,30.166666666666668,20.395238095238103,2022-04-01,Staten Island,Bronx,10306,10475
26,1099.2500000000002,42.27884615384616,13.807692307692308,6.205769230769231,2023-09-01,Brooklyn,Staten Island,11208,10305
24,2058.51,85.77125000000001,40.79166666666666,22.22083333333333,2023-01-01,Staten Island,Bronx,10302,10459
21,1774.15,84.48333333333332,38.42857142857143,21.115714285714287,2022-02-01,Staten Island,Bronx,10302,10458
408,24843.69,60.89139705882353,35.21078431372549,12.13919117647059,2022-08-01,Bronx,Brooklyn,10458,11244
376,23488.85,62.47034574468085,33.316489361702125,11.48691489361702,2022-10-01,Bronx,Brooklyn,10464,11202
165527,13757295.050000053,83.1120907767316,32.417231025754106,14.173829828366364,2023-09-01,Queens,Manhattan,11411,10075
460,24892.689999999995,54.114543478260856,30.730434782608697,10.133608695652176,2023-08-01,Bronx,Queens,10454,11422
90,2889.6800000000007,32.107555555555564,3.8,1.5561111111111114,2023-05-01,Staten Island,Staten Island,10307,10309
80235,3224832.999999999,40.1923474792796,17.214956066554496,6.410055711347916,2023-08-01,Queens,Queens,11366,11375
1970,73545.97999999998,37.3329847715736,29.62030456852792,6.390944162436548,2023-08-01,Bronx,Manhattan,10469,10009
59,3197.27,54.19101694915254,25.220338983050848,11.52169491525424,2023-05-01,Brooklyn,Staten Island,11216,10314
1,70.65,70.65,47.0,22.66,2024-02-01,Staten Island,Queens,10307,11427
1809,66110.24,36.54518518518519,29.626312880044225,5.957236042012161,2023-03-01,Bronx,Manhattan,10472,10044
12,1089.39,90.7825,38.583333333333336,22.524999999999995,2023-02-01,Bronx,Staten Island,10475,10304
471,30289.66999999999,64.3092781316348,31.14012738853503,12.754819532908703,2023-05-01,Brooklyn,Bronx,11238,10458
8,630.9,78.86249999999998,26.75,27.025,2022-10-01,Staten Island,Bronx,10314,10471
82,3028.120000000001,36.92829268292684,6.926829268292682,0.9029268292682926,2022-10-01,Staten Island,Staten Island,10310,10309
75,5828.500000000002,77.71333333333334,32.586666666666666,9.812266666666666,2022-03-01,Staten Island,Manhattan,10314,10111
38,1908.0,50.21052631578947,22.81578947368421,8.79342105263158,2023-08-01,Brooklyn,Staten Island,11218,10305
98,7252.270000000003,74.00275510204085,17.214285714285715,0.8889795918367344,2022-08-01,Staten Island,Staten Island,10311,10311
20,1650.2399999999996,82.51199999999997,35.7,23.75,2022-08-01,Staten Island,Bronx,10308,10473
3032,110432.59,36.422358179419525,29.41589709762533,7.239798812664907,2024-01-01,Bronx,Manhattan,10457,10271
189395,15147241.850000145,79.97698909686183,32.112051532511416,14.028719237572274,2023-03-01,Queens,Manhattan,11405,10153
11095,244946.07,22.07715817936007,14.066336187471832,2.5298107255520503,2022-12-01,Brooklyn,Brooklyn,11256,11216
58703,2539947.329999999,43.267760250753774,26.381343372570395,6.337245626288262,2023-08-01,Manhattan,Brooklyn,10162,11245
90,5043.570000000005,56.039666666666726,35.43333333333333,10.225333333333335,2022-08-01,Brooklyn,Staten Island,11224,10303
110,6725.5400000000045,61.14127272727277,31.79090909090909,11.97672727272727,2023-03-01,Brooklyn,Staten Island,11235,10305
14,1346.8000000000002,96.2,34.5,16.40142857142857,2024-02-01,Staten Island,Manhattan,10310,10041
52143,2281962.02,43.76353527798554,26.04157796827954,6.460357862033253,2024-01-01,Manhattan,Brooklyn,10010,11229
636,37424.219999999965,58.84311320754713,31.910377358490567,14.6140251572327,2024-01-01,Bronx,Brooklyn,10451,11206
72073,3124861.9899999998,43.35690189113814,25.972555603346606,6.361603096860128,2023-03-01,Manhattan,Brooklyn,10269,11241
396,31906.07,80.57088383838382,35.64646464646464,15.954015151515154,2022-05-01,Manhattan,Staten Island,10268,10303
365,21661.94999999999,59.347808219178056,33.49589041095891,10.996328767123288,2022-08-01,Brooklyn,Bronx,11220,10455
351,31433.559999999998,89.55430199430198,35.957264957264954,25.889487179487183,2022-05-01,Queens,Staten Island,11101,10313
337,20876.579999999994,61.94830860534123,32.513353115727,12.373382789317503,2022-10-01,Brooklyn,Bronx,11256,10467
41084,2832019.9300000006,68.93242941291015,31.451903417388763,13.601979602765065,2024-01-01,Queens,Brooklyn,11104,11240
1584,65232.17999999999,41.181931818181816,28.693813131313128,9.021628787878784,2022-02-01,Brooklyn,Queens,11221,11421
2779,116483.09,41.91546959337892,27.81360201511335,9.578474271320616,2022-04-01,Brooklyn,Queens,11217,11435
9835,347025.1100000002,35.284708693441814,24.99369598373157,8.561591255719373,2022-11-01,Manhattan,Bronx,10152,10461
5474,316899.8500000001,57.89182499086593,30.029229082937523,15.59757398611618,2022-11-01,Queens,Bronx,11372,10457
331,27309.450000000008,82.50589123867071,36.16616314199396,17.79722054380664,2022-11-01,Manhattan,Staten Island,10026,10302
57,2018.49,35.41210526315789,2.192982456140351,0.3354385964912281,2023-11-01,Staten Island,Staten Island,10309,10313
91,7320.480000000005,80.44483516483521,32.48351648351648,11.080769230769231,2022-04-01,Staten Island,Manhattan,10308,10260
39,1840.15,47.18333333333333,3.1538461538461537,1.0930769230769233,2023-10-01,Staten Island,Staten Island,10313,10311
3253,141219.39000000004,43.41204734091609,28.255763910236706,9.96822317860436,2022-06-01,Brooklyn,Queens,11236,11413
321,15086.099999999997,46.99719626168224,28.4797507788162,9.322616822429904,2022-07-01,Bronx,Queens,10463,11419
3051,75669.07,24.801399541134057,16.28777450016388,2.614418223533267,2023-12-01,Bronx,Bronx,10474,10463
9916,233013.7800000001,23.49876764824527,15.44362646228318,2.6080758370310626,2023-07-01,Brooklyn,Brooklyn,11218,11216
399,24516.129999999976,61.44393483709268,31.606516290726816,11.948621553884712,2023-10-01,Brooklyn,Bronx,11218,10464
46,2680.6900000000005,58.275869565217405,34.54347826086956,15.00434782608696,2022-04-01,Staten Island,Brooklyn,10303,11235
39,1476.4900000000002,37.85871794871795,11.82051282051282,3.982564102564103,2023-10-01,Brooklyn,Staten Island,11230,10307
7961,254915.0700000001,32.020483607587,24.822384122597665,5.601518653435497,2022-02-01,Brooklyn,Manhattan,11238,10260
12135,392117.84000000014,32.31296580140092,24.83403378656778,5.713576431808819,2022-06-01,Brooklyn,Manhattan,11222,10002
71778,3228579.630000001,44.9800723062777,27.548663936024965,6.369679149600155,2023-10-01,Manhattan,Brooklyn,10173,11219
50,4071.5700000000006,81.43140000000001,32.32,26.788199999999996,2023-07-01,Staten Island,Bronx,10305,10469
55,2419.5499999999997,43.99181818181817,5.745454545454545,0.9798181818181816,2023-09-01,Staten Island,Staten Island,10304,10308
284,25169.75,88.62588028169014,35.267605633802816,24.358133802816894,2022-03-01,Queens,Staten Island,11412,10302
74,4451.850000000001,60.16013513513517,33.13513513513514,10.036756756756755,2022-08-01,Staten Island,Brooklyn,10311,11229
11223,269035.96000000014,23.97183997148713,16.5676735275773,2.6437904303662134,2023-08-01,Brooklyn,Brooklyn,11235,11233
12785,301383.79,23.573233476730543,16.04466171294486,2.6561908486507635,2023-05-01,Brooklyn,Brooklyn,11208,11242
342,21596.589999999986,63.147923976608155,31.69298245614035,13.203274853801174,2023-02-01,Bronx,Brooklyn,10463,11231
44,3370.230000000001,76.59613636363639,32.11363636363637,12.304772727272727,2022-03-01,Staten Island,Queens,10303,11416
80,4594.550000000001,57.431875000000005,34.325,13.641375,2022-10-01,Staten Island,Brooklyn,10302,11219
12437,245784.61999999988,19.762371954651435,14.044866125271367,2.4908965184530025,2022-10-01,Brooklyn,Brooklyn,11223,11204
1110,36750.61000000001,33.108657657657666,27.36036036036036,5.999198198198198,2022-11-01,Bronx,Manhattan,10457,10256
37420,2587579.7199999997,69.14964510956706,31.927605558524853,13.641234901122392,2023-02-01,Queens,Brooklyn,11411,11234
6241,500570.9,80.20684185226726,30.960903701329915,15.461834641884312,2023-11-01,Queens,Bronx,11362,10454
2521,62360.47999999997,24.736406188020613,15.9230464101547,2.5801229670765564,2024-02-01,Bronx,Bronx,10471,10453
46271,2310050.9299999927,49.924378768559,32.35452010978799,13.759349052322182,2022-05-01,Queens,Brooklyn,11367,11210
172680,10549064.510000058,61.090250810748536,31.793154968728285,14.388686298355346,2022-11-01,Queens,Manhattan,11001,10173
9948,200075.3199999998,20.11211499798953,14.113088057901086,2.633288098110171,2022-08-01,Brooklyn,Brooklyn,11215,11206
27,2487.5599999999995,92.13185185185183,32.77777777777778,18.12555555555556,2022-04-01,Bronx,Staten Island,10462,10313
18,1548.7700000000002,86.04277777777777,25.444444444444443,20.41111111111111,2023-01-01,Bronx,Staten Island,10466,10303
70,2210.13,31.57328571428571,7.8,0.8265714285714285,2023-02-01,Staten Island,Staten Island,10312,10303
3124,138608.56,44.368937259923165,28.790012804097312,9.55348271446863,2024-01-01,Brooklyn,Queens,11216,11425
69296,2307667.4899999937,33.30159735049633,26.035673054721773,6.55345474486262,2022-11-01,Manhattan,Brooklyn,10020,11256
66,4208.460000000002,63.76454545454549,33.621212121212125,15.278939393939392,2023-04-01,Staten Island,Brooklyn,10311,11208
60,4454.750000000003,74.24583333333338,35.1,11.713666666666668,2022-12-01,Staten Island,Queens,10303,11352
5,410.94,82.188,36.2,18.998,2024-01-01,Staten Island,Manhattan,10304,10024
8217,333905.37000000005,40.63592186929538,26.015820859194356,7.135162690763051,2024-01-01,Brooklyn,Manhattan,11216,10276
13226,318312.7,24.067193406925757,16.51073642824739,2.4074807197943446,2023-10-01,Brooklyn,Brooklyn,11209,11244
558,34220.47999999998,61.3270250896057,31.548387096774192,14.199749103942649,2023-12-01,Bronx,Brooklyn,10464,11234
35,3199.44,91.4125714285714,30.857142857142858,16.50657142857143,2022-05-01,Bronx,Staten Island,10461,10304
21,1660.9899999999998,79.09476190476188,29.476190476190474,11.182380952380951,2022-06-01,Staten Island,Queens,10306,11004
94,7495.54,79.73978723404254,28.3936170212766,13.77627659574469,2022-12-01,Staten Island,Manhattan,10304,10007
38,3702.630000000001,97.43763157894739,29.657894736842103,19.60842105263158,2022-01-01,Staten Island,Queens,10302,11101
25,1577.85,63.114,34.4,8.888,2023-07-01,Staten Island,Brooklyn,10303,11209
66939,2715578.309999999,40.5679545556402,15.600785790047656,5.700139828799355,2023-12-01,Queens,Queens,11436,11411
104051,7108875.179999995,68.32106543906349,29.161930207302188,11.40345916906133,2023-12-01,Manhattan,Queens,10044,11430
11705,282986.69999999995,24.176565570269112,16.642716787697566,2.3840358821016667,2023-09-01,Brooklyn,Brooklyn,11233,11228
27,2323.38,86.0511111111111,38.77777777777778,16.723703703703702,2022-07-01,Staten Island,Queens,10313,11371
1,155.52,155.52,0.0,35.99,2024-01-01,Staten Island,Bronx,10310,10473
46,2735.49,59.46717391304348,35.84782608695652,13.055869565217392,2022-02-01,Staten Island,Brooklyn,10306,11239
8994,352626.55000000005,39.20686568823661,25.117300422503888,5.967675116744496,2023-04-01,Brooklyn,Manhattan,11219,10279
48,2278.2700000000004,47.46395833333335,15.645833333333334,6.1379166666666665,2023-12-01,Brooklyn,Staten Island,11222,10302
2824018,62390765.800000265,22.092906560793967,13.226476955883426,1.8706586077000915,2023-12-01,Manhattan,Manhattan,10022,10257
172088,14190531.980000058,82.46090360745697,31.77593440565292,13.94638475663614,2023-12-01,Queens,Manhattan,11435,10016
24,2111.55,87.98125,25.95833333333333,12.999999999999998,2022-03-01,Bronx,Staten Island,10461,10303
4,331.07,82.7675,21.0,12.2375,2023-09-01,Staten Island,Manhattan,10310,10276
300,14818.220000000005,49.394066666666674,30.45,9.304799999999995,2022-11-01,Bronx,Queens,10471,11351
3092,75099.05,24.28817917205692,17.728007761966364,2.3355304010349283,2023-11-01,Bronx,Bronx,10455,10459
76726,5118552.089999997,66.7120935536845,28.785496441884103,11.120076766676227,2024-02-01,Manhattan,Queens,10039,11434
29,2217.790000000001,76.47551724137932,38.55172413793103,14.594137931034483,2023-08-01,Staten Island,Queens,10306,11001
378,30214.28,79.93195767195766,35.96296296296296,15.879814814814816,2022-10-01,Manhattan,Staten Island,10032,10310
58657,2305361.8,39.302415738956974,15.512828818384849,5.915404129089451,2024-02-01,Queens,Queens,11359,11419
72159,2619909.76,36.30745658892168,14.561828739311798,5.909634418437065,2023-01-01,Queens,Queens,11370,11417
348,21803.06,62.65247126436782,31.42528735632184,10.95382183908046,2022-05-01,Bronx,Brooklyn,10460,11238
13540,429619.12000000005,31.72962481536189,24.50509601181684,5.6639217134416535,2022-05-01,Brooklyn,Manhattan,11207,10199
84096,5327652.370000005,63.35203065544146,27.102002473363772,10.821298515981736,2023-01-01,Manhattan,Queens,10257,11405
85,4171.500000000001,49.076470588235296,13.658823529411764,1.4336470588235295,2022-07-01,Staten Island,Staten Island,10311,10302
44,4106.68,93.33363636363633,28.977272727272727,5.6693181818181815,2023-08-01,Staten Island,Manhattan,10301,10001
2551064,53191939.39000024,20.85088394097531,11.748802852456857,1.8536856856590025,2024-02-01,Manhattan,Manhattan,10001,10036
141310,11381801.150000036,80.54490941900809,31.94109404854575,13.788321774821314,2024-02-01,Queens,Manhattan,11425,10171
421,36388.9,86.43444180522566,34.242280285035626,16.998859857482184,2022-12-01,Manhattan,Staten Island,10006,10304
83,5242.67,63.164698795180726,32.144578313253014,15.45313253012049,2023-01-01,Brooklyn,Staten Island,11235,10314
363,37040.17999999999,102.03906336088151,36.162534435261705,24.785840220385687,2022-12-01,Queens,Staten Island,11374,10310
56,4984.2,89.00357142857142,30.339285714285715,15.39285714285714,2023-03-01,Staten Island,Manhattan,10306,10002
13,1147.25,88.25,16.615384615384617,23.403846153846157,2022-02-01,Bronx,Staten Island,10452,10307
2990960,48221831.77999137,16.12252647310274,11.73160657447776,2.0619322023698072,2022-04-01,Manhattan,Manhattan,10019,10276
170528,10317947.52000004,60.5058847813851,32.004321870895104,14.393922874835813,2022-04-01,Queens,Manhattan,11412,10103
1951,42046.220000000016,21.55111225012815,15.168631471040491,2.568595592004099,2022-01-01,Bronx,Bronx,10457,10463
2199,49269.430000000015,22.405379718053663,15.552523874488404,2.512792178262848,2022-06-01,Bronx,Bronx,10457,10475
2542140,52130932.61000012,20.506711908077488,11.096468329832346,1.9312007757243896,2023-01-01,Manhattan,Manhattan,10278,10169
156958,12565725.430000124,80.05788446590884,31.520916423501827,14.2799306820933,2023-01-01,Queens,Manhattan,11369,10026
115547,7827526.82000003,67.74322846980043,28.899798350454795,11.473522203086192,2023-05-01,Manhattan,Queens,10169,11374
48,2025.6399999999996,42.20083333333332,7.145833333333333,2.235416666666667,2022-05-01,Staten Island,Staten Island,10309,10308
33,2876.289999999999,87.16030303030301,37.333333333333336,20.468484848484856,2022-05-01,Staten Island,Bronx,10310,10466
26,2287.04,87.96307692307693,27.57692307692308,19.16192307692308,2022-06-01,Bronx,Staten Island,10468,10308
18,873.61,48.53388888888889,25.277777777777775,9.998888888888889,2024-01-01,Staten Island,Brooklyn,10314,11232
75412,2835667.889999999,37.60234299580967,15.972603829629236,5.908117938789581,2023-03-01,Queens,Queens,11105,11432
104912,6872333.860000019,65.50569868079933,27.897228153118803,10.993909466981856,2023-03-01,Manhattan,Queens,10256,11370
6360,370049.87,58.18394182389937,31.552044025157237,15.842819182389928,2022-07-01,Queens,Bronx,11415,10463
2618,127258.51000000002,48.6090565317036,30.00916730328495,9.836478227654695,2023-04-01,Brooklyn,Queens,11237,11366
418,50821.64,121.58287081339712,36.00956937799043,26.1905980861244,2023-09-01,Queens,Staten Island,11106,10309
268,28239.369999999995,105.37078358208952,36.15298507462686,18.61753731343284,2023-09-01,Manhattan,Staten Island,10014,10313
29,1574.09,54.278965517241375,4.758620689655173,1.177241379310345,2023-12-01,Staten Island,Staten Island,10304,10307
387,23884.09,61.715994832041325,30.739018087855296,12.91782945736434,2023-11-01,Bronx,Brooklyn,10470,11249
110621,7651799.059999999,69.17130617152257,29.460870901546723,11.499575397076509,2023-10-01,Manhattan,Queens,10012,11427
539,33353.109999999986,61.87961038961036,32.996289424860855,13.921428571428573,2023-12-01,Brooklyn,Bronx,11215,10463
658,40274.01999999999,61.20671732522794,32.151975683890576,15.116550151975687,2024-02-01,Bronx,Brooklyn,10461,11226
49,3594.8100000000004,73.3634693877551,36.48979591836735,9.948979591836736,2022-11-01,Staten Island,Queens,10308,11435
373,24007.259999999984,64.36262734584446,34.17962466487936,13.22227882037533,2023-01-01,Bronx,Brooklyn,10461,11213
101438,6923188.309999997,68.25044174766849,29.17258818194365,11.338838305171633,2023-11-01,Manhattan,Queens,10171,11413
361,36314.05,100.59293628808864,34.77839335180055,17.31958448753463,2023-08-01,Manhattan,Staten Island,10007,10311
598,72601.13000000003,121.40657190635454,34.16555183946488,25.925936454849516,2023-08-01,Queens,Staten Island,11360,10314
59,3591.880000000001,60.87932203389831,37.1864406779661,14.082711864406782,2023-02-01,Staten Island,Brooklyn,10312,11203
78703,3236538.590000001,41.1234462472841,17.563040798953026,6.332911070734278,2023-06-01,Queens,Queens,11356,11380
44809,2583240.439999996,57.65003548394287,31.703318529759645,13.542905666272407,2022-12-01,Queens,Brooklyn,11109,11205
2459,110967.74000000003,45.127181781211895,28.331028873525824,10.404082960553074,2022-11-01,Brooklyn,Queens,11234,11451
108261,7233662.480000016,66.81688216439915,28.899511366050564,11.334176480911868,2023-06-01,Manhattan,Queens,10257,11358
33,1075.4699999999998,32.59,5.878787878787879,1.882727272727273,2024-02-01,Staten Island,Staten Island,10304,10302
1,43.0,43.0,29.0,22.8,2024-01-01,Bronx,Staten Island,10466,10305
11040,397989.64,36.049786231884056,26.370833333333334,8.433889492753625,2022-09-01,Manhattan,Bronx,10023,10472
54,4368.829999999999,80.90425925925923,30.277777777777775,14.808888888888887,2022-11-01,Staten Island,Manhattan,10304,10174
2768110,60613898.010000125,21.89721434841828,13.038267987905105,1.838397437240572,2023-11-01,Manhattan,Manhattan,10277,10271
665,40513.23999999999,60.92216541353382,30.562406015037595,15.25135338345865,2024-02-01,Brooklyn,Bronx,11228,10472
104,3473.0000000000005,33.394230769230774,5.5673076923076925,1.657307692307692,2023-01-01,Staten Island,Staten Island,10312,10306
24,1030.8,42.95,13.708333333333334,4.417916666666667,2024-02-01,Brooklyn,Staten Island,11217,10308
29,2528.55,87.19137931034481,29.655172413793103,22.224137931034488,2022-12-01,Bronx,Staten Island,10451,10311
2690291,57735560.92000012,21.46071221291679,12.261728192229018,1.9476206997681664,2023-06-01,Manhattan,Manhattan,10022,10031
8827,283564.99,32.1247298062762,24.68460405573808,5.83608813866546,2022-11-01,Brooklyn,Manhattan,11234,10271
190440,15501308.490000105,81.39733506616312,32.58247216971225,14.1907668031926,2023-06-01,Queens,Manhattan,11369,10260
372,24267.80999999999,65.23604838709673,33.104838709677416,13.558548387096778,2023-06-01,Brooklyn,Bronx,11231,10455
62,2543.7499999999995,41.02822580645161,8.161290322580646,3.1370967741935485,2022-04-01,Staten Island,Staten Island,10304,10314
46,2323.76,50.51652173913044,9.369565217391305,2.5839130434782613,2022-02-01,Staten Island,Staten Island,10311,10313
55,2783.49,50.60890909090909,21.181818181818183,9.824909090909092,2023-07-01,Brooklyn,Staten Island,11213,10304
74906,2255603.2899999847,30.112451472512017,16.412396870744665,6.016475048727736,2022-06-01,Queens,Queens,11451,11351
58132,2488163.5899999947,42.80196088213023,25.064129911236492,9.70511989953898,2022-01-01,Manhattan,Queens,10169,11424
131574,6606339.979999998,50.21007174669766,28.26700563941204,11.160674905376442,2022-06-01,Manhattan,Queens,10026,11103
508,30704.88,60.442677165354326,32.596456692913385,9.389330708661417,2022-04-01,Brooklyn,Bronx,11231,10471
375,24255.56999999999,64.68151999999996,32.282666666666664,12.194933333333337,2023-01-01,Brooklyn,Bronx,11211,10471
69,3886.8900000000026,56.33173913043482,33.594202898550726,16.243333333333336,2022-04-01,Brooklyn,Staten Island,11228,10309
2923547,48018543.869991705,16.424755227123665,12.16875972919197,2.077186359583068,2022-06-01,Manhattan,Manhattan,10011,10026
48,2784.1600000000008,58.00333333333335,32.854166666666664,16.645416666666666,2022-02-01,Brooklyn,Staten Island,11220,10310
97,5752.300000000004,59.30206185567014,35.350515463917525,14.304742268041236,2022-06-01,Brooklyn,Staten Island,11208,10311
18,853.33,47.407222222222224,25.11111111111111,9.594444444444443,2023-12-01,Staten Island,Brooklyn,10302,11210
2098828,31434491.869996447,14.977164336475616,9.998556813612169,1.932999612164502,2022-01-01,Manhattan,Manhattan,10280,10004
174150,10627149.970000062,61.02296853287432,31.961469997128912,14.464754120011492,2022-06-01,Queens,Manhattan,11104,10269
2102,46168.490000000005,21.964077069457662,14.536631779257847,2.499714557564225,2022-07-01,Bronx,Bronx,10460,10474
365,17076.010000000006,46.783589041095915,29.471232876712328,8.268164383561642,2022-09-01,Bronx,Queens,10460,11005
2754,132069.36000000002,47.95546840958606,28.674655047204062,9.588155410312272,2023-11-01,Brooklyn,Queens,11230,11109
14100,339924.60000000003,24.10812765957447,16.696737588652482,2.6375092198581567,2023-12-01,Brooklyn,Brooklyn,11211,11203
313,19668.559999999998,62.83884984025557,34.760383386581466,10.898178913738018,2022-01-01,Brooklyn,Bronx,11238,10463
73353,2232267.869999984,30.431855138848903,16.123089716848664,6.044425313211458,2022-09-01,Queens,Queens,11431,11424
120752,6190242.47999999,51.26409897972696,28.977573870412083,11.355743341725187,2022-09-01,Manhattan,Queens,10199,11352
49478,3417796.829999997,69.07710154007836,33.37642992845305,13.48340838352399,2023-08-01,Queens,Brooklyn,11380,11209
81642,2739652.309999989,33.55689853261788,26.69458122045026,6.5362210626883215,2022-10-01,Manhattan,Brooklyn,10128,11207
46039,3207102.12,69.66055127174785,32.3995742739851,13.582618432198794,2023-03-01,Queens,Brooklyn,11369,11214
7819,317104.0900000001,40.555581276378064,26.150402864816478,5.712858421793066,2023-11-01,Brooklyn,Manhattan,11218,10177
6,224.32,37.386666666666656,19.5,9.863333333333332,2024-02-01,Staten Island,Brooklyn,10302,11225
2577245,43211511.62999319,16.766551736444608,12.751627028086192,2.064880773849596,2022-09-01,Manhattan,Manhattan,10169,10111
40,1184.9199999999996,29.62299999999999,7.599999999999999,2.442,2022-03-01,Staten Island,Staten Island,10306,10314
171135,10583151.010000056,61.84095018552637,32.19738218365618,14.590144447366107,2022-09-01,Queens,Manhattan,11370,10041
47604,2385949.5499999924,50.12077871607412,32.50653306444836,13.902973909755486,2022-10-01,Queens,Brooklyn,11375,11225
326,30121.500000000007,92.39723926380368,35.214723926380366,25.56450920245399,2022-11-01,Queens,Staten Island,11436,10303
14589,345935.6500000001,23.712087874425944,18.667146480224822,2.9419994516416472,2024-02-01,Brooklyn,Brooklyn,11223,11205
1246,51457.07,41.29780898876405,27.797752808988765,8.60615569823435,2022-01-01,Brooklyn,Queens,11225,11420
354,22340.419999999973,63.10853107344625,34.55367231638418,12.263700564971751,2022-12-01,Bronx,Brooklyn,10464,11218
64,3887.2600000000007,60.73843750000001,35.671875,15.79109375,2023-01-01,Staten Island,Brooklyn,10303,11209
2492485,51371934.5100003,20.61072965735012,11.327727147806304,1.8353749601823073,2024-01-01,Manhattan,Manhattan,10045,10260
12624,238160.7799999999,18.86571451204055,14.67680608365019,2.5721633396704693,2022-04-01,Brooklyn,Brooklyn,11216,11241
55,3396.460000000001,61.7538181818182,34.41818181818182,16.044181818181812,2022-05-01,Staten Island,Brooklyn,10305,11252
9416,229868.98,24.412593457943924,15.0589422259983,2.7095698810535263,2023-01-01,Brooklyn,Brooklyn,11211,11223
603,36780.70999999999,60.996202321724695,32.26533996683251,15.564212271973473,2024-01-01,Brooklyn,Bronx,11208,10460
348,21471.660000000007,61.700172413793126,33.91379310344828,11.71175287356322,2022-06-01,Bronx,Brooklyn,10475,11239
29,1036.3100000000002,35.734827586206904,12.758620689655173,3.883793103448276,2024-01-01,Brooklyn,Staten Island,11229,10308
9154,166108.85999999996,18.146041074939912,14.784138081712912,2.447213240113612,2022-02-01,Brooklyn,Brooklyn,11214,11202
150187,12117877.720000047,80.68526383774926,31.863183897407897,13.988914516569343,2024-01-01,Queens,Manhattan,11372,10258
5062,165499.27999999988,32.69444488344526,23.715329909126822,5.759012248123268,2022-01-01,Brooklyn,Manhattan,11217,10172
23,1959.2499999999995,85.18478260869561,36.65217391304348,20.90869565217391,2022-12-01,Staten Island,Bronx,10303,10465
1957,89757.61,45.864900357690345,28.98058252427185,9.61918753193664,2023-02-01,Brooklyn,Queens,11210,11421
109,3149.1,28.890825688073395,6.651376146788992,1.5628440366972478,2022-12-01,Staten Island,Staten Island,10307,10301
12281,423631.1500000004,34.494841625274844,25.49368943897077,8.281683087696438,2022-03-01,Manhattan,Bronx,10268,10466
6130,352417.25999999954,57.49058075040776,30.11566068515497,15.59847960848288,2022-03-01,Queens,Bronx,11360,10462
79,5224.47,66.13253164556963,17.417721518987342,2.0391139240506324,2022-06-01,Staten Island,Staten Island,10304,10302
330,20026.6,60.68666666666668,32.942424242424245,11.078424242424244,2022-07-01,Bronx,Brooklyn,10463,11238
2473,61431.149999999994,24.840739991912653,17.24828143954711,2.3229073999191265,2023-04-01,Bronx,Bronx,10460,10474
31,2594.36,83.6890322580645,23.967741935483872,19.71741935483871,2022-06-01,Staten Island,Bronx,10302,10466
2695343,56959474.570000075,21.13255143037456,11.89849195445626,1.9584303036756372,2023-04-01,Manhattan,Manhattan,10259,10002
391,44557.210000000014,113.95705882352944,35.843989769820965,19.464936061381085,2023-12-01,Manhattan,Staten Island,10213,10309
5,466.47,93.294,44.2,22.246,2022-01-01,Staten Island,Bronx,10303,10456
108628,5276777.099999985,48.57658338549899,27.630113782818427,10.965776871524834,2022-07-01,Manhattan,Queens,10087,11351
311,19056.749999999996,61.275723472668794,31.305466237942124,11.942122186495173,2022-06-01,Brooklyn,Bronx,11209,10457
186567,15069308.430000104,80.77156426377712,32.07190446327593,14.277414655324897,2023-04-01,Queens,Manhattan,11366,10281
33,2740.399999999999,83.04242424242422,34.696969696969695,22.6060606060606,2022-07-01,Staten Island,Bronx,10310,10473
2600322,41649436.75999312,16.017030490836564,11.384957709083722,2.0807563870935977,2022-07-01,Manhattan,Manhattan,10010,10003
42384,2112098.4499999946,49.83244738580584,31.655742733106838,13.711304501698756,2022-11-01,Queens,Brooklyn,11365,11243
326,20103.619999999988,61.6675460122699,33.59509202453988,11.960337423312886,2022-07-01,Brooklyn,Bronx,11225,10453
75,5629.250000000001,75.05666666666667,32.093333333333334,12.482533333333333,2022-10-01,Staten Island,Manhattan,10311,10259
45,2679.690000000001,59.54866666666669,35.044444444444444,14.525333333333332,2022-03-01,Staten Island,Brooklyn,10302,11239
2,35.07,17.535,4.0,1.66,2023-11-01,Staten Island,Brooklyn,10305,11221
1818,41271.99999999999,22.701870187018695,16.39053905390539,2.528388338833883,2022-11-01,Bronx,Bronx,10469,10455
5,440.0100000000001,88.00200000000001,39.8,10.94,2022-11-01,Bronx,Staten Island,10457,10301
362,34579.689999999995,95.52400552486185,37.01657458563536,16.426408839779018,2023-01-01,Manhattan,Staten Island,10009,10311
11833,283683.2200000002,23.97390518042764,15.306515676497929,2.6570463956731167,2023-06-01,Brooklyn,Brooklyn,11221,11232
8137,387303.1699999999,47.597784195649496,27.40358854614723,8.39380238417107,2023-09-01,Manhattan,Bronx,10199,10468
41,1716.9499999999996,41.876829268292674,2.2195121951219514,0.6392682926829267,2024-01-01,Staten Island,Staten Island,10307,10303
381,43336.02999999998,113.7428608923884,37.3753280839895,23.798188976377958,2023-01-01,Queens,Staten Island,11004,10302
12896,255521.73999999987,19.814030707196025,14.719602977667494,2.604551799007445,2022-06-01,Brooklyn,Brooklyn,11222,11218
2310,94766.76000000001,41.02457142857144,27.6965367965368,9.47894805194805,2022-07-01,Brooklyn,Queens,11238,11352
72907,2873030.9400000013,39.4067913917731,16.440725856227797,6.091692704404243,2023-04-01,Queens,Queens,11439,11359
9504,305114.34999999986,32.103782617845106,24.340067340067336,5.650894360269359,2022-07-01,Brooklyn,Manhattan,11243,10026
103198,6849983.59000002,66.37709635845677,28.607221070175775,11.274414329735071,2023-04-01,Manhattan,Queens,10020,11379
10757,515471.26,47.919611415822246,27.459049920981688,8.40774193548387,2023-05-01,Manhattan,Bronx,10041,10472
9529,443499.26,46.54205687900095,26.98835134851506,8.330991709518313,2023-08-01,Manhattan,Bronx,10005,10472
421,41071.15,97.55617577197148,36.026128266033254,16.68254156769597,2023-03-01,Manhattan,Staten Island,10162,10309
24,2021.5899999999997,84.23291666666664,28.041666666666668,26.6875,2023-04-01,Staten Island,Bronx,10313,10467
1,65.82,65.82,13.0,33.0,2023-11-01,Bronx,Staten Island,10475,10301
3662,158816.51000000007,43.36879027853634,28.197433096668487,10.10173675587111,2022-05-01,Brooklyn,Queens,11231,11354
10643,494856.02,46.49591468570891,26.225500328854647,8.325430799586584,2023-03-01,Manhattan,Bronx,10213,10452
356,32193.92,90.43235955056181,37.539325842696634,25.18132022471912,2022-10-01,Queens,Staten Island,11004,10311
6431,508828.97000000015,79.12128284870161,31.160628207121757,15.619605038096717,2023-03-01,Queens,Bronx,11439,10454
385,25310.35999999999,65.74119480519478,34.03896103896104,13.36574025974026,2023-04-01,Brooklyn,Bronx,11216,10471
78995,3208209.729999999,40.6128201784923,17.268295461738084,6.50228875245269,2023-07-01,Queens,Queens,11426,11377
89866,5819979.99000001,64.76286904947376,28.43371241626421,11.050983241715445,2023-07-01,Manhattan,Queens,10012,11104
234,14381.449999999995,61.45918803418802,34.636752136752136,11.6367094017094,2022-11-01,Bronx,Brooklyn,10474,11229
75771,3396548.399999988,44.826495624975095,26.705203837879928,9.972302991909832,2022-02-01,Manhattan,Queens,10270,11104
120538,5893798.489999991,48.895771375002,28.219159103353295,10.946378984220743,2022-04-01,Manhattan,Queens,10260,11103
19,1487.0399999999995,78.26526315789472,30.473684210526315,9.436842105263159,2022-09-01,Staten Island,Queens,10310,11373
451,25397.76,56.31432372505543,32.474501108647445,10.157804878048784,2023-05-01,Bronx,Queens,10469,11351
361,23134.599999999984,64.08476454293624,31.69529085872576,12.952770083102497,2023-07-01,Brooklyn,Bronx,11240,10465
23,1333.9900000000002,57.999565217391314,31.91304347826087,11.856521739130438,2023-08-01,Staten Island,Brooklyn,10303,11202
2356132,49682403.31000012,21.08642610431,11.829020615143804,1.940962828058868,2023-07-01,Manhattan,Manhattan,10174,10165
78930,3123429.340000001,39.57214417838592,16.90464968959838,6.035448878753326,2023-05-01,Queens,Queens,11367,11418
8687,418447.52000000014,48.169393346379664,27.360768965120293,8.697362725912285,2023-10-01,Manhattan,Bronx,10025,10462
100,5354.7300000000005,53.54730000000001,11.49,0.8980999999999997,2022-11-01,Staten Island,Staten Island,10306,10313
9,1033.88,114.87555555555554,33.44444444444444,20.87777777777778,2022-01-01,Bronx,Staten Island,10452,10310
2552132,39881318.769994006,15.626667731133818,11.130369824131352,1.98060405182804,2022-02-01,Manhattan,Manhattan,10044,10199
13118,318106.64,24.249629516694615,17.813386186918738,2.9126497941759406,2024-01-01,Brooklyn,Brooklyn,11245,11214
2242,95198.26000000008,42.461311329170414,27.949598572702943,9.724558429973236,2022-03-01,Brooklyn,Queens,11225,11364
417,25546.61999999999,61.2628776978417,30.52757793764988,12.019616306954434,2022-02-01,Brooklyn,Bronx,11228,10465
378,38131.12000000002,100.8759788359789,34.96825396825397,18.47608465608467,2023-06-01,Manhattan,Staten Island,10081,10304
4,329.25,82.3125,47.0,21.025,2022-11-01,Staten Island,Bronx,10306,10469
80632,2359707.02999998,29.265143243377075,16.349005357674372,6.280091030856237,2022-08-01,Queens,Queens,11363,11436
108208,5309597.269999987,49.0684355130858,28.330640987727335,11.087473477007252,2022-08-01,Manhattan,Queens,10002,11385
76417,3317789.1499999994,43.41689872672311,26.367941688367768,6.330808327989846,2023-05-01,Manhattan,Brooklyn,10273,11221
2027,50113.17,24.72282683769117,15.570300937345833,2.3243759250123337,2023-02-01,Bronx,Bronx,10453,10456
243,14900.859999999988,61.3204115226337,32.29218106995885,11.459341563786008,2022-11-01,Brooklyn,Bronx,11234,10467
9473,448859.59,47.38304549773039,27.000633379077374,8.40460572152433,2023-06-01,Manhattan,Bronx,10019,10457
75,4294.910000000003,57.265466666666704,31.346666666666668,14.875733333333336,2022-12-01,Staten Island,Brooklyn,10307,11222
10110,322551.12000000005,31.90416617210683,24.514638971315527,5.602858555885264,2022-03-01,Brooklyn,Manhattan,11210,10256
2597,93707.57999999993,36.08301116673082,28.92337312283404,6.645483249903734,2023-12-01,Bronx,Manhattan,10456,10285
394,31570.320000000007,80.12771573604064,35.86294416243655,15.92464467005076,2022-06-01,Manhattan,Staten Island,10005,10308
11776,276870.7,23.51143851902174,15.829398777173912,2.6775135869565223,2023-04-01,Brooklyn,Brooklyn,11210,11219
487,25659.33000000001,52.688562628336776,31.71252566735113,9.870882956878852,2023-10-01,Bronx,Queens,10468,11358
11,936.33,85.12090909090908,23.363636363636363,21.972727272727276,2023-08-01,Bronx,Staten Island,10452,10303
68872,2748214.480000001,39.90321872459056,16.19801951446161,5.78530041235916,2023-11-01,Queens,Queens,11358,11001
76272,3094865.6100000003,40.57669406859661,16.682019614013004,5.991578429830081,2023-10-01,Queens,Queens,11001,11373
9470,313359.31000000006,33.08968426610349,23.91246040126716,8.001544878563886,2022-01-01,Manhattan,Bronx,10075,10454
66844,2958706.3,44.262855304888994,26.756672251810183,6.362040721680329,2023-12-01,Manhattan,Brooklyn,10279,11208
42273,2951026.669999998,69.80878267452033,31.86584817732359,13.41681640763608,2023-12-01,Queens,Brooklyn,11362,11233
65,4310.990000000001,66.32292307692309,31.861538461538466,12.272615384615383,2022-07-01,Staten Island,Brooklyn,10308,11230
76528,5014265.309999996,65.52196986723808,28.41991166631821,10.991698218952536,2024-01-01,Manhattan,Queens,10060,11367
2142,78855.89,36.814140989729225,29.440242763772176,6.232684407096172,2023-10-01,Bronx,Manhattan,10473,10039
442,23548.62999999999,53.277443438914005,30.581447963800905,8.958619909502257,2023-09-01,Bronx,Queens,10470,11101
2037,74826.70999999998,36.73378006872852,29.21551300932744,6.240324005891017,2023-11-01,Bronx,Manhattan,10465,10039
35,1731.7900000000004,49.47971428571429,16.857142857142858,6.811428571428569,2023-11-01,Brooklyn,Staten Island,11230,10309
367,30401.67000000001,82.83833787465943,34.80653950953678,16.791362397820148,2022-09-01,Manhattan,Staten Island,10211,10303
187140,15330102.84000006,81.91783071497305,31.88457839050978,13.79657913861281,2023-11-01,Queens,Manhattan,11361,10110
65224,2906789.3,44.566253219673726,26.997148288973385,6.341885195633509,2023-11-01,Manhattan,Brooklyn,10014,11239
426,26427.88999999998,62.037300469483526,32.17605633802817,13.577629107981222,2023-11-01,Brooklyn,Bronx,11234,10462
6325,373360.44999999966,59.02932015810272,31.5000790513834,15.924766798418966,2022-09-01,Queens,Bronx,11416,10466
420,37713.13999999999,89.79319047619043,35.57380952380952,25.599261904761907,2022-09-01,Queens,Staten Island,11379,10306
1935,71789.81999999999,37.10068217054263,29.372609819121447,5.748139534883721,2023-09-01,Bronx,Manhattan,10462,10261
48744,1304826.2699999984,26.768961718365304,14.428852781880847,6.121155219103889,2022-01-01,Queens,Queens,11104,11359
9629,193699.6099999999,20.116274794890423,13.819607435870807,2.452114445944542,2022-11-01,Brooklyn,Brooklyn,11242,11210
58838,2654878.13,45.121828240252896,27.509721608484316,6.323875216696693,2023-09-01,Manhattan,Brooklyn,10174,11213
448,23842.309999999987,53.219441964285686,31.558035714285715,9.540267857142862,2023-03-01,Bronx,Queens,10453,11413
24,1611.95,67.16458333333334,27.95833333333333,16.469999999999995,2022-01-01,Brooklyn,Staten Island,11207,10303
96904,5647226.049999984,58.27650097003203,29.46302526211508,14.136259184347391,2022-01-01,Queens,Manhattan,11104,10006
59202,2181278.2400000007,36.84467146380192,15.037971690145604,5.907693996824436,2023-02-01,Queens,Queens,11352,11430
85158,5392077.940000001,63.31851311679469,27.379459357899435,10.74435144085112,2023-02-01,Manhattan,Queens,10258,11428
7149,579186.0099999999,81.01636732410125,31.719960833683032,15.9390040565114,2023-06-01,Queens,Bronx,11420,10469
36,3030.079999999999,84.16888888888886,27.027777777777775,24.13611111111111,2022-07-01,Bronx,Staten Island,10463,10312
2429955,50266096.39000022,20.686019448919925,11.39514929288814,1.9349239800737048,2023-02-01,Manhattan,Manhattan,10276,10170
368,23454.449999999983,63.734918478260816,34.08423913043478,12.97722826086956,2023-02-01,Brooklyn,Bronx,11236,10455
1602,53723.48000000002,33.5352559300874,28.579275905118603,5.534188514357052,2022-09-01,Bronx,Manhattan,10471,10069
1910,41905.33000000001,21.939963350785344,14.719895287958115,2.410842931937173,2022-05-01,Bronx,Bronx,10461,10475
2986,148015.64999999997,49.56987608841258,28.6768251841929,10.143593436034832,2022-12-01,Brooklyn,Queens,11209,11371
7,477.12000000000006,68.16000000000001,19.142857142857142,12.358571428571429,2023-12-01,Staten Island,Manhattan,10312,10022
2930905,48109104.279991515,16.41441953253057,12.174934022085328,2.079954171151916,2022-05-01,Manhattan,Manhattan,10080,10002
74277,2484157.0399999926,33.444498835440214,26.62133634907172,6.467377923179449,2022-09-01,Manhattan,Brooklyn,10152,11233
11226,264074.3900000001,23.523462497773032,16.040352752538748,2.3551728131124174,2023-11-01,Brooklyn,Brooklyn,11201,11203
44031,2206521.8299999926,50.11291658149922,32.83511616815426,13.858654130044748,2022-09-01,Queens,Brooklyn,11354,11220
395,21829.00999999999,55.26331645569618,31.448101265822785,10.222025316455698,2023-06-01,Bronx,Queens,10454,11439
2208,52235.32,23.657300724637683,16.026721014492754,2.218541666666668,2022-09-01,Bronx,Bronx,10460,10457
2005,43699.58,21.795301745635907,15.797007481296758,2.5299102244389027,2022-03-01,Bronx,Bronx,10451,10455
1679,63751.86000000001,37.97013698630138,28.51637879690292,5.814276354973198,2023-06-01,Bronx,Manhattan,10474,10272
64,2979.55,46.55546875,24.640625,10.16078125,2022-11-01,Staten Island,Brooklyn,10308,11205
72982,3171954.5200000005,43.46214847496643,26.295771560110712,6.3552029267490635,2023-06-01,Manhattan,Brooklyn,10002,11209
7042,261448.19999999992,37.12698097131496,24.83499005964215,5.964079806873046,2023-02-01,Brooklyn,Manhattan,11235,10265
50162,3548925.169999999,70.74927574658106,33.48161955264941,13.602048562656991,2023-06-01,Queens,Brooklyn,11428,11239
89,7497.34,84.23977528089888,30.50561797752809,15.679325842696628,2023-01-01,Staten Island,Manhattan,10304,10111
53,4195.490000000001,79.1601886792453,37.24528301886792,13.261132075471702,2023-05-01,Staten Island,Queens,10302,11364
20,718.3399999999999,35.916999999999994,9.1,3.8024999999999993,2022-01-01,Staten Island,Staten Island,10310,10305
1221,40147.799999999996,32.88108108108107,26.434889434889435,5.328263718263717,2022-01-01,Bronx,Manhattan,10452,10002
1582,50992.899999999994,32.233185840707954,27.520859671302148,5.354740834386849,2022-06-01,Bronx,Manhattan,10458,10014
2562,122061.27999999998,47.64296643247462,29.608508977361435,9.89287665886026,2023-08-01,Brooklyn,Queens,11256,11356
36,2775.5399999999995,77.09833333333331,36.638888888888886,13.567222222222226,2023-03-01,Staten Island,Queens,10306,11101
72142,2144905.379999985,29.731714951068525,16.171800060990822,6.324277813201744,2022-07-01,Queens,Queens,11439,11369
81697,2710057.579999989,33.17205748069071,26.112427628921505,6.508992986278566,2022-06-01,Manhattan,Brooklyn,10030,11209
2317,112072.90000000002,48.369831678895125,29.625809236081135,9.745356063875697,2023-03-01,Brooklyn,Queens,11233,11434
338,42908.05,126.94689349112424,35.955621301775146,26.145502958579875,2023-12-01,Queens,Staten Island,11429,10302
14,1208.72,86.33714285714287,40.0,23.5,2023-02-01,Staten Island,Bronx,10305,10460
47725,1521127.8499999987,31.872767941330515,24.49353588266108,6.45308182294395,2022-01-01,Manhattan,Brooklyn,10023,11249
44019,2198858.459999992,49.9524855176172,32.92828096958132,13.730734909925262,2022-06-01,Queens,Brooklyn,11354,11229
1406,45979.91999999999,32.70264580369843,26.67852062588905,5.657275960170696,2022-07-01,Bronx,Manhattan,10465,10269
83,4892.520000000001,58.94602409638557,35.32530120481928,12.756144578313252,2022-07-01,Brooklyn,Staten Island,11236,10311
72974,2208539.449999985,30.264744292487528,16.18788883712007,6.078535368761476,2022-05-01,Queens,Queens,11359,11424
138255,6991200.939999996,50.567436548406896,28.503764782467176,11.32902470073415,2022-05-01,Manhattan,Queens,10011,11354
71405,2321847.0799999926,32.51658959456611,25.295875638960855,6.4527147958826445,2022-07-01,Manhattan,Brooklyn,10020,11241
158606,9623358.12000002,60.674615840510576,33.218188467018905,14.64097064423792,2022-07-01,Queens,Manhattan,11426,10023
8300,323396.55999999994,38.963440963855405,25.373373493975905,5.899092771084336,2023-03-01,Brooklyn,Manhattan,11217,10026
10578,496294.5600000004,46.91761769710724,26.133579126488936,8.439328795613537,2023-04-01,Manhattan,Bronx,10271,10470
342,33886.86999999997,99.08441520467828,34.98245614035088,17.62611111111111,2023-04-01,Manhattan,Staten Island,10034,10302
66,2326.37,35.248030303030305,3.6818181818181817,0.601060606060606,2023-08-01,Staten Island,Staten Island,10301,10304
8,629.08,78.635,45.625,21.9575,2023-10-01,Staten Island,Queens,10312,11379
348,21535.27999999999,61.8829885057471,30.79310344827586,11.17876436781609,2022-05-01,Brooklyn,Bronx,11239,10459
6633,527176.1800000002,79.47778983868538,30.91813658977838,15.629380370872914,2023-04-01,Queens,Bronx,11001,10475
7,533.95,76.27857142857144,37.85714285714285,12.38,2023-11-01,Staten Island,Queens,10308,11435
9349,435765.48999999993,46.610919884479614,26.514172638784892,8.40854636859557,2023-07-01,Manhattan,Bronx,10170,10457
353,35089.020000000026,99.40232294617572,34.5042492917847,17.591359773371106,2023-07-01,Manhattan,Staten Island,10270,10310
3,240.79,80.26333333333332,41.66666666666666,5.616666666666667,2023-10-01,Staten Island,Manhattan,10307,10271
12700,441608.0000000004,34.77228346456696,25.274488188976378,8.358292913385824,2022-04-01,Manhattan,Bronx,10199,10466
7669,612840.6200000001,79.91141217890208,31.394053983570217,15.863613248141869,2023-07-01,Queens,Bronx,11428,10472
3020,148141.87999999998,49.053602649006606,29.278807947019867,10.254162251655634,2023-06-01,Brooklyn,Queens,11234,11001
14,1058.9399999999998,75.63857142857141,41.142857142857146,17.93,2023-09-01,Staten Island,Queens,10303,11366
14,1124.81,80.34357142857142,36.35714285714285,23.85,2022-09-01,Staten Island,Bronx,10312,10459
2,270.2,135.1,42.0,18.63,2023-11-01,Staten Island,Manhattan,10309,10282
63396,1794790.0799999903,28.310777967064016,15.35634740362168,5.966086346141713,2022-03-01,Queens,Queens,11355,11102
112578,5337518.6899999855,47.41173843912652,27.40849011352129,10.559250386398768,2022-03-01,Manhattan,Queens,10275,11414
10326,349536.44,33.85012976951385,25.21576602750339,8.12696010071664,2022-02-01,Manhattan,Bronx,10007,10456
446,24464.409999999985,54.8529372197309,30.753363228699552,9.424708520179374,2023-04-01,Bronx,Queens,10468,11418
427,41950.600000000006,98.2449648711944,34.79391100702576,17.33882903981265,2023-05-01,Manhattan,Staten Island,10273,10312
39,3129.580000000001,80.24564102564105,25.07692307692308,15.489230769230772,2023-06-01,Staten Island,Manhattan,10309,10165
8434,677106.52,80.28296419255395,31.72468579558928,15.797595447000232,2023-08-01,Queens,Bronx,11413,10468
7018,133809.50999999995,19.06661584497007,15.114990025648332,2.4010986035907664,2022-01-01,Brooklyn,Brooklyn,11217,11224
7348,578354.3699999999,78.7090868263473,31.281437125748504,15.33465704953728,2023-05-01,Queens,Bronx,11420,10460
9818,390204.8299999999,39.74382053371357,25.5265838256264,6.124511102057447,2023-06-01,Brooklyn,Manhattan,11205,10021
422,50011.860000000015,118.51151658767776,34.03080568720379,25.17836492890995,2023-05-01,Queens,Staten Island,11360,10312
3038304,48086952.49999136,15.82690622794538,11.34283731976787,2.0037880738727925,2022-03-01,Manhattan,Manhattan,10010,10037
10722,210520.96,19.63448610333893,14.569016974445066,2.6809746315985827,2022-07-01,Brooklyn,Brooklyn,11220,11220
11419,404345.3400000005,35.409873018653165,25.90734740345039,8.454978544531043,2022-10-01,Manhattan,Bronx,10029,10455
389,30755.579999999994,79.06318766066835,35.91002570694087,16.069434447300768,2022-08-01,Manhattan,Staten Island,10278,10314
8604,201098.51000000007,23.372676662017675,14.859019060901906,2.505256857275686,2023-02-01,Brooklyn,Brooklyn,11241,11244
81,4753.380000000002,58.68370370370373,29.271604938271604,13.137654320987652,2023-04-01,Brooklyn,Staten Island,11209,10308
84,6679.4600000000055,79.51738095238102,34.04761904761905,10.308809523809522,2022-06-01,Staten Island,Manhattan,10306,10111
1762,65914.31,37.40880249716231,29.49205448354143,6.027173666288308,2023-04-01,Bronx,Manhattan,10452,10273
400,47017.73,117.544325,37.23,25.572524999999995,2023-03-01,Queens,Staten Island,11004,10304
375,19034.23,50.75794666666666,30.325333333333333,8.992533333333329,2022-04-01,Bronx,Queens,10474,11362
7450,436390.1199999998,58.57585503355703,31.60322147651007,15.949134228187916,2022-08-01,Queens,Bronx,11451,10462
11556,402403.5600000004,34.8220456905504,25.96754932502596,8.393623226029765,2022-08-01,Manhattan,Bronx,10273,10452
6013,353495.4699999998,58.78853650424078,30.626309662398135,15.851491767836356,2022-10-01,Queens,Bronx,11427,10454
70242,3034454.5999999987,43.20000284729932,25.79352808860796,6.378108254320774,2023-04-01,Manhattan,Brooklyn,10010,11240
33,2728.66,82.68666666666665,36.93939393939394,11.039999999999996,2022-01-01,Staten Island,Manhattan,10305,10035
64869,1910482.4299999888,29.451393269512234,15.479797746227012,6.085487675160707,2022-04-01,Queens,Queens,11423,11361
12669,241074.0899999999,19.028659720577785,14.450469650327571,2.6053587497040014,2022-05-01,Brooklyn,Brooklyn,11217,11212
2560,59865.67999999999,23.38503125,16.078125,2.2770703125,2022-12-01,Bronx,Bronx,10475,10463
47854,3354029.440000001,70.08880010030511,32.730513645672254,13.637629874200696,2023-04-01,Queens,Brooklyn,11381,11210
1657,62498.79999999998,37.71804465902232,28.773083886541944,6.128593844296922,2023-07-01,Bronx,Manhattan,10461,10275
3206,77617.05000000003,24.209934497816604,17.698378041172802,2.311983780411728,2023-10-01,Bronx,Bronx,10452,10465
47878,1289857.5699999991,26.94050649567649,15.132002172187644,5.925107147332807,2022-02-01,Queens,Queens,11103,11420
2771280,51013080.34999481,18.40776837778745,12.908916818221185,1.9865483675413529,2022-12-01,Manhattan,Manhattan,10013,10281
3055,135181.99,44.24942389525368,29.186252045826517,9.993679214402617,2022-09-01,Brooklyn,Queens,11201,11372
81,6344.900000000003,78.33209876543212,28.716049382716047,14.019012345679007,2022-09-01,Staten Island,Manhattan,10306,10013
168166,13613370.1400001,80.95197685620221,32.907948098902274,14.328021776102188,2023-07-01,Queens,Manhattan,11369,10260
59468,2553553.58,42.93996065110648,26.013503060469496,6.3063514831506025,2023-07-01,Manhattan,Brooklyn,10257,11229
6574,533105.2499999998,81.09297992090046,31.395041070885306,15.774642531183456,2023-10-01,Queens,Bronx,11351,10459
443,54594.90000000003,123.23905191873595,35.24153498871332,26.629051918735883,2023-10-01,Queens,Staten Island,11356,10309
269,28937.50999999999,107.57438661710034,37.82156133828996,19.47810408921933,2023-10-01,Manhattan,Staten Island,10169,10301
316,34781.46,110.06791139240508,36.09177215189873,19.20588607594936,2023-11-01,Manhattan,Staten Island,10285,10306
111270,6552505.689999982,58.88834088253781,31.2423833917498,14.021361822593688,2022-02-01,Queens,Manhattan,11405,10016
8259,371971.79,45.038356943939945,26.12713403559753,8.404547766073375,2024-01-01,Manhattan,Bronx,10028,10452
1293,43360.36999999998,33.53470224284608,28.991492652745556,5.845058004640372,2022-02-01,Bronx,Manhattan,10452,10018
395,19122.10000000001,48.41037974683546,28.8,8.645215189873422,2022-08-01,Bronx,Queens,10453,11381
359,17237.110000000004,48.01423398328692,29.557103064066848,8.86133704735376,2022-10-01,Bronx,Queens,10461,11425
1936,75615.02000000003,39.05734504132232,30.193181818181817,6.091782024793387,2023-05-01,Bronx,Manhattan,10459,10172
47863,3356038.7500000014,70.1176012786495,33.40012117919896,13.762671165618537,2023-07-01,Queens,Brooklyn,11358,11222
335,40643.01,121.32241791044774,33.41492537313433,26.083492537313436,2023-11-01,Queens,Staten Island,11429,10306
65530,2120353.6799999927,32.35699191210122,25.665924004272853,6.32837540057989,2022-02-01,Manhattan,Brooklyn,10032,11231
10762,351125.4,32.62640773090504,25.581304590224864,5.63334231555473,2022-09-01,Brooklyn,Manhattan,11241,10055
83,4175.12,50.30265060240964,26.26506024096385,11.174578313253011,2022-11-01,Brooklyn,Staten Island,11216,10312
2658,65081.20999999999,24.485030097817905,17.889766741911213,2.3611060948081266,2023-09-01,Bronx,Bronx,10451,10470
511,60525.63999999999,118.44547945205476,35.2054794520548,25.105303326810176,2023-06-01,Queens,Staten Island,11367,10314
77,6093.100000000003,79.13116883116886,34.415584415584405,13.640129870129872,2023-06-01,Staten Island,Queens,10313,11101
545,33828.060000000005,62.06983486238533,33.13394495412844,9.797247706422018,2022-03-01,Bronx,Brooklyn,10462,11206
1450,47952.5,33.070689655172416,27.806896551724137,5.615137931034484,2022-10-01,Bronx,Manhattan,10473,10280
1533,49735.790000000015,32.44343770384868,26.46249184605349,5.655035877364646,2022-08-01,Bronx,Manhattan,10464,10030
51001,3569204.4999999995,69.98302974451481,33.07529264132076,13.421962510539013,2023-05-01,Queens,Brooklyn,11102,11238
6412,514748.87000000005,80.27898783530881,31.080630068621332,15.708440424204625,2023-09-01,Queens,Bronx,11369,10473
369,33724.03,91.39303523035228,33.799457994579946,26.314227642276407,2022-06-01,Queens,Staten Island,11439,10305
258,20700.86999999999,80.23593023255809,36.72868217054263,16.309147286821712,2022-01-01,Manhattan,Staten Island,10212,10307
2690,67546.0,25.11003717472119,18.054646840148695,2.3343791821561335,2023-05-01,Bronx,Bronx,10462,10452
5427,309947.0999999998,57.11205085682694,29.14685830108716,15.6768564584485,2022-01-01,Queens,Bronx,11359,10453
247,21850.75,88.46457489878544,34.550607287449395,25.23967611336032,2022-01-01,Queens,Staten Island,11370,10314
69783,2286912.8699999927,32.77177636387076,25.91659859851253,6.474734677500251,2022-08-01,Manhattan,Brooklyn,10001,11206
46914,2292383.829999992,48.86353391311744,33.256639809012235,13.726428784584565,2022-08-01,Queens,Brooklyn,11412,11239
2954,70890.58,23.998165199729183,18.133716993906567,2.492136086662152,2023-03-01,Bronx,Bronx,10469,10455
3162,77251.95000000001,24.431356736242893,17.103099304237823,2.445733712839976,2023-08-01,Bronx,Bronx,10451,10456
24,2071.2999999999997,86.30416666666662,35.75,12.55,2022-03-01,Staten Island,Bronx,10305,10469
13,1075.05,82.69615384615386,21.923076923076923,14.223076923076924,2023-03-01,Bronx,Staten Island,10473,10312
2276263,47867057.06000016,21.02879019691493,11.701580617002517,1.943632348283128,2023-08-01,Manhattan,Manhattan,10173,10261
66278,2595357.31,39.15865460635505,15.098147198165304,5.939441141857027,2024-01-01,Queens,Queens,11427,11413
504,30598.18999999999,60.71069444444442,31.23809523809524,10.16077380952381,2022-03-01,Brooklyn,Bronx,11207,10457
8922,409976.3399999999,45.951170141223926,25.492938802958975,8.471894194126877,2023-02-01,Manhattan,Bronx,10110,10473
4988,389002.58,77.98768644747393,30.167802726543705,15.609669206094626,2023-02-01,Queens,Bronx,11421,10474
124333,6990368.699999996,56.222955289424334,28.278276885460816,11.334275614679935,2022-12-01,Manhattan,Queens,10277,11427
49060,3484313.9799999977,71.02148348960452,33.32142274765593,13.51299388503873,2023-10-01,Queens,Brooklyn,11413,11209
378,20346.88999999999,53.82775132275129,30.761904761904763,9.80740740740741,2023-07-01,Bronx,Queens,10455,11412
387,19183.39,49.569483204134364,31.586563307493545,9.025788113695084,2022-02-01,Bronx,Queens,10473,11421
82,6289.060000000003,76.69585365853662,30.304878048780488,12.150731707317076,2022-07-01,Staten Island,Manhattan,10312,10016
44858,3151584.889999999,70.25691939007532,31.959405234294888,13.28842458424362,2023-11-01,Queens,Brooklyn,11004,11213
329,21209.059999999983,64.46522796352579,32.66565349544073,12.528358662613982,2022-12-01,Brooklyn,Bronx,11213,10468
407,25488.96,62.62643734643734,30.42751842751843,12.397788697788704,2023-09-01,Bronx,Brooklyn,10457,11238
2525,63581.960000000014,25.18097425742575,16.973465346534653,2.4806653465346526,2023-06-01,Bronx,Bronx,10452,10462
43416,3068395.399999999,70.67429979730973,33.20561544131196,13.569531048461394,2023-09-01,Queens,Brooklyn,11424,11206
50,3850.41,77.0082,28.54,18.49,2023-06-01,Bronx,Staten Island,10469,10312
453,29023.329999999994,64.06916114790286,31.81236203090508,13.094150110375272,2023-08-01,Bronx,Brooklyn,10470,11213
88495,6126033.46,69.22462805808237,29.557556924120007,11.472598677891405,2023-09-01,Manhattan,Queens,10011,11428
450,28647.779999999995,63.66173333333333,32.94222222222222,13.118422222222224,2023-05-01,Bronx,Brooklyn,10458,11235
2315174,51382144.21000015,22.193642555592,13.27097660910152,1.8644929322806827,2023-09-01,Manhattan,Manhattan,10027,10260
3100,137425.89000000007,44.33093225806454,28.732903225806453,10.390241935483868,2022-10-01,Brooklyn,Queens,11232,11352
404,25334.23,62.7084900990099,33.257425742574256,12.874628712871283,2023-03-01,Bronx,Brooklyn,10468,11226
1399,50802.76,36.31362401715512,29.50822015725518,6.052866333095065,2023-02-01,Bronx,Manhattan,10457,10025
9992,400476.8500000001,40.07974879903925,25.54093274619696,5.986061849479582,2023-05-01,Brooklyn,Manhattan,11217,10055
8312,336296.7200000001,40.459181905678555,26.084215591915303,6.160818094321468,2023-08-01,Brooklyn,Manhattan,11241,10055
76,4810.4900000000025,63.295921052631606,34.73684210526316,14.247236842105265,2023-02-01,Brooklyn,Staten Island,11219,10313
10994,203107.22999999992,18.474370565763135,14.754775331999271,2.488709295979625,2022-03-01,Brooklyn,Brooklyn,11223,11243
11720,380761.66000000015,32.4881962457338,25.18122866894198,5.799462457337885,2022-10-01,Brooklyn,Manhattan,11216,10007
63197,2712854.01,42.926942892858825,25.953051568903582,6.38732329066253,2023-02-01,Manhattan,Brooklyn,10022,11224
140507,11150564.000000088,79.35949098621485,31.80873550783947,14.071880618047492,2023-02-01,Queens,Manhattan,11431,10001
88605,5899794.77,66.58534811805202,28.9798318379324,11.254497827436373,2023-08-01,Manhattan,Queens,10165,11368
36,3020.460000000001,83.9016666666667,28.08333333333333,25.491666666666664,2023-05-01,Staten Island,Bronx,10301,10453
590,29839.459999999995,50.57535593220338,31.08813559322034,11.014338983050845,2024-01-01,Bronx,Queens,10468,11372
9507,306745.84999999986,32.265262438203415,24.96307983591038,5.7421373724623965,2022-08-01,Brooklyn,Manhattan,11256,10039
47,3837.85,81.6563829787234,34.787234042553195,17.106382978723403,2023-04-01,Staten Island,Queens,10305,11373
102,3133.6700000000005,30.72225490196079,5.676470588235294,0.8484313725490196,2023-03-01,Staten Island,Staten Island,10302,10314
12,1025.7800000000002,85.48166666666668,42.25,25.675,2023-08-01,Staten Island,Bronx,10301,10454
9,720.4,80.04444444444444,40.77777777777778,26.0,2023-03-01,Staten Island,Bronx,10308,10454
460,41712.34999999999,90.67902173913042,37.78478260869565,26.567478260869574,2022-07-01,Queens,Staten Island,11415,10305
341,27104.470000000005,79.48524926686217,36.131964809384165,15.600058651026387,2022-07-01,Manhattan,Staten Island,10273,10308
8875,315289.86000000004,35.52561802816902,25.4272676056338,5.864046197183099,2022-12-01,Brooklyn,Manhattan,11228,10169
425,27266.589999999997,64.15668235294116,31.43058823529412,12.617647058823527,2023-08-01,Brooklyn,Bronx,11207,10463
53,4615.05,87.07641509433961,35.22641509433962,15.18867924528302,2023-04-01,Staten Island,Manhattan,10309,10153
2807065,58842009.120000154,20.962111358304902,11.70290071658476,1.9239770685751856,2023-03-01,Manhattan,Manhattan,10162,10154
390,25232.859999999982,64.69964102564099,33.225641025641025,12.98984615384616,2023-03-01,Brooklyn,Bronx,11235,10474
10447,424209.92,40.605907916148176,26.125107686417152,5.500005743275586,2023-10-01,Brooklyn,Manhattan,11237,10031
446,27219.319999999985,61.029865470851966,34.09417040358744,12.439215246636776,2023-10-01,Bronx,Brooklyn,10455,11233
21,1755.4999999999998,83.59523809523807,32.61904761904762,7.601428571428571,2022-04-01,Staten Island,Queens,10302,11366
18,1572.1,87.3388888888889,26.666666666666668,18.02888888888889,2022-09-01,Bronx,Staten Island,10452,10310
51,3990.350000000001,78.24215686274512,38.41176470588236,12.169215686274512,2023-07-01,Staten Island,Queens,10303,11103
52,4100.650000000001,78.85865384615386,39.25,11.857115384615389,2023-01-01,Staten Island,Queens,10311,11104
